"Name","Number_Reviews","Restaurant_Reviews","Helpful_Votes"
"Iain U",60,33,29
"Darius S",2,0,4
"Jonathan A",4,3,3
"Juliesamari",39,23,14
"Novajane",6,6,3
"Jeanettehaga",3,0,1
"Knut Marius S",8,7,3
"malcjones",12,4,25
"Dai S",39,21,15
"Unni S",2,0,3
"Corniglia123",2,0,2
"Jakub P",7,7,15
"Tori K",67,51,46
"j0annaa2015",1,0,8
"Margo K",14,13,8
"conejito0869",3,0,14
"Taylordiva",12,8,7
"Carsten P",3,0,5
"Bart K",6,4,21
"AgataStar",116,80,56
"Eirik N",5,4,3
"Ollstar",5,4,3
"albanissima",2,0,10
"2408al",4,4,7
"VG73",12,6,14
"Maurice w",4,4,3
"Jane W",3,3,4
"Heggvin",83,30,30
"TimKJ",31,20,6
"Ynte",6,4,1
"John Q",1,0,1
"Artur M",1,0,1
"gregroberts2014",3,3,6
"Lila O",7,5,2
"Aleksandra S",1,0,2
"Hans-Are",11,8,4
"Ron v",68,47,15
"Micha M",1,0,2
"jtowies",56,31,71
"LadyItameri",4,3,0
"Sophie B",1,0,2
"Ewa W",10,8,5
"Divert2015",7,7,3
"Mikethebike476",4,4,6
"Przemek W",3,0,2
"laineyling",13,3,11
"Britt-Marie S",7,5,0
"kruuza",170,98,78
"Kamalkalsi",1,0,4
"Eirin T",1,0,1
"AWFriz",1,0,0
"conrad14",37,18,46
"JJdub1",8,5,8
"AnjaFJ",54,42,45
"JacekBJ",437,253,364
"laputaLondon",7,0,7
"Andrzej I",9,3,21
"write2miriam",3,0,2
"Maria H",3,0,21
"Camilla J",8,4,0
"Agnieszka...",1,0,2
"Tottolott...",12,6,6
"Ekaterina...",34,31,12
"Katarzyna...",16,9,19
"ceccypia",75,43,26
"Jenny T",2,0,0
"irka712",1,0,3
"Jaroslaw...",18,10,7
"Wouter B",3,0,6
"Emilia T",6,0,5
"agnieszka...",32,25,15
"Oddleif N",12,7,7
"Kyrre B",3,3,3
"Christine...",2,0,4
"Pawe Z",1,0,3
"Waldemar...",5,5,9
"torelars",8,7,1
"wenchekal...",2,0,2
"sokrates0...",24,13,15
"Tatiana S",1,0,4
"Zofia S",20,14,15
"Beata B",17,6,4
"claudiak5...",1,0,2
"_Vol_84",41,23,4
"AnnaT63",35,9,21
"jymand",7,5,3
"7voyageur...",13,12,6
"Sarelka",18,9,8
"Arnfrid50...",8,5,0
"Janie V",8,8,3
"Carlo C",97,73,52
"Thanh Bin...",1,0,2
"LucasioLu...",10,6,4
"Aleksandr...",2,0,0
"Frank G",2,0,0
"Andy9484",4,3,1
"Marek P",14,3,10
"Piotr R",1,0,2
"Dieter K",2,0,2
"Rosman23",10,8,16
"Aneta N",2,0,3
"Adam Z",2,0,0
"Gosia P",1,0,0
"Mateusz J",9,8,4
"Agnieszka...",3,0,1
"Trine T",2,0,0
"Lidia K",2,0,0
"Adam C",8,5,8
"Rafal S",1,0,1
"Mateusz L",1,0,1
"Boguslaw...",11,6,3
"krosno12",4,0,4
"ukasz Z",3,3,3
"ulla0309",1,0,0
"Lech W",2,0,2
"Pawe G",1,0,1
"Aleksande...",4,3,3
"JacekGd84",1,0,2
"Azja505",1,0,1
"biszek76",2,0,4
"Valeduck",12,6,4
"Izabela19...",12,12,2
"Mariusz P",1,0,0
"Arne J",15,8,7
"ola a",1,0,2
"Weronika...",1,0,1
"Wojciech...",302,177,160
"jasiek111...",95,56,22
"Krzysztof...",1,0,1
"Wojciech...",5,5,5
"Beata B",12,7,6
"Globtrote...",11,7,6
"klarakota",17,12,13
"polomka",10,9,3
"Piotr C",1,0,3
"mireklh",2,0,4
"Anita T",2,0,3
"115riker",2,0,3
"Bart S",2,0,7
"Arkadius...",1,0,3
"Daniel B",7,6,4
"cleopathr...",37,13,60
"K143A",31,25,15
"Maddawg01",59,19,25
"Rose N",5,4,2
"irishediger",2,0,1
"eri_spelo",2,0,1
"Michael P",44,23,48
"Nadia S",1,0,4
"Thomas M",3,0,2
"Leopold67",18,13,9
"Mabe31",1,0,3
"CarolineFryer",3,3,4
"Kristian N",1,0,4
"anniekdebakker",8,7,3
"Sascha S",2,0,3
"tony w",56,33,28
"Geophysicsman",28,17,11
"Pine07",183,60,55
"759quintend",1,0,2
"Tiina P",1,0,1
"jojimbo",182,95,101
"telali2",90,51,60
"Tony L",1,0,0
"Alice E",7,4,7
"smarsman",103,72,81
"PlasmaMedia P",1,0,1
"SuusjeEindhoven",11,4,5
"elkabelka",173,105,106
"Mikko T",18,16,4
"designminkey",73,36,35
"petervandenbroek2014",10,7,2
"Jimmi_DK",20,15,23
"Aaron H",1,0,2
"BIBW",23,10,7
"Claire F",2,0,6
"beckyrolph",3,0,4
"Emil91h",2,0,0
"Marco T",33,25,53
"nuriapimp...",77,49,56
"Emma J",3,3,1
"Jerzy A",13,12,5
"z z",17,12,6
"Tina A",6,3,1
"Angielika...",1,0,0
"Ewa Z",1,0,0
"Elisabeth...",4,3,6
"Morten L",1,0,1
"ukasz L",2,0,1
"lallabenn...",9,6,3
"Trine F",5,3,2
"jhq-4370",1,0,1
"mosto78",1,0,0
"arnteivin...",8,7,2
"2Luigi",18,13,6
"Ma R",34,18,16
"Kristoffe...",7,4,5
"PureAs",1,0,3
"Pieprzowy",28,7,31
"anna_glow...",8,8,20
"Monika O",14,12,4
"Pawe M",3,3,1
"Benedicte...",1,0,1
"Trude T",1,0,1
"Pawe W",3,0,1
"Krzysztof...",33,11,15
"D B",1,0,1
"Juanjo M",6,5,1
"Oda111",11,6,2
"Heidi J",1,0,1
"Hannes D",1,0,1
"gwaram",10,10,7
"Marc a",1,0,0
"GKonovale...",179,62,105
"pumse",1,0,0
"Lars B",13,12,2
"Anna S",17,15,12
"Sandra G",4,3,2
"parzy k",5,4,2
"Geir S",5,5,2
"Stanisaw...",1,0,3
"MEZZE Syl...",1,0,2
"Barsow S",8,5,2
"tove134",1,0,2
"Piotr M",1,0,2
"Agata C",1,0,2
"Peter W",4,4,5
"Gosia S",1,0,4
"NazwaNieM...",5,5,3
"Atle L",1,0,3
"blossbook...",4,3,5
"Wout V",27,11,4
"EboracumYork",198,129,96
"Artur G",19,8,9
"WKNDWa",30,6,2
"Celestine89",35,16,12
"reichski",9,6,2
"Chista N",72,32,66
"lynnhurley",45,15,19
"Stephen B",23,12,6
"reisefantomet",10,5,2
"Fielina1234",10,8,0
"Alice L",18,13,2
"Reneta N",4,3,1
"Iirme",1,0,0
"Justyna K",16,12,1
"Al H",3,0,1
"Piotr K",5,0,2
"artsta",17,9,9
"Andreea_C_Hristu",18,9,6
"Paul S",5,4,4
"DanimalBWI",59,52,27
"",0,0,0
"Jose G",3,3,1
"Stein S",11,9,2
"Natalie C",14,7,1
"Nadia X",39,16,15
"29fabbe29 .",2,0,0
"De K",16,7,7
"krysti2014",6,4,2
"thuy t",2,0,1
"Tapio31",31,16,3
"Domi N",8,6,4
"Mateusz K",39,25,4
"Jacek-Tomasz",8,5,3
"Kefah A",22,11,5
"TimTimTim87",4,4,1
"Aykut I",1,0,0
"jujitsu77",360,335,188
"Zeke D",11,4,5
"Noz1",7,6,9
"Agata O",3,3,1
"nmitsides1",91,62,54
"marcowy",28,17,2
"PiratesOf K",1,0,0
"Alicja M",15,13,6
"pawel_hbg",403,120,349
"lordfarquart",2,0,4
"Amy S",24,12,9
"Ch-Henry",130,47,54
"Ivana P",2,0,0
"Cara L",12,10,5
"shirleyandroman",2,0,0
"garybasing",32,13,10
"Oktawia B",2,0,0
"Kasia Z",18,16,2
"Tom H",20,17,9
"Lucy N",6,4,6
"MakaiTamas",6,4,3
"Jasia P",5,5,1
"Anssi M",9,8,6
"James M",3,3,2
"MC_657",110,59,46
"Pola G",13,4,18
"thearndt",145,65,76
"Mbator",31,22,46
"Dominik M",221,112,68
"Asia F",1,0,0
"Yasmina R",7,3,5
"FrequentFlier100",19,6,12
"JacobVanders",2,0,2
"GosiaKJ",37,25,13
"stkarcz",38,14,10
"Dominika...",2,0,0
"Dorota M",2,0,0
"Smakoszzz",12,11,0
"SeMiGa",10,3,0
"seboprzy",4,4,0
"mgr6",18,12,2
"450dr1967",1,0,0
"Magda T",6,4,1
"Daria S",1,0,0
"bboczula",2,0,0
"Maren H",5,3,4
"JoannaGgg",2,0,0
"siemadenm...",3,0,0
"Monia70Ro...",11,3,1
"Ania_Gral...",20,7,4
"mgdansk",2,0,0
"Sycyliana",45,21,8
"pmalina6",23,17,9
"Jarek82",13,6,19
"Monika H",11,7,0
"Hans v",7,6,1
"Olga N",5,5,2
"Agnieszka...",21,6,3
"Aleksandr...",12,12,1
"Zibi J",21,16,9
"Dominika...",3,0,6
"SuperFere...",14,12,2
"kaja275",15,14,2
"Julas K",1,0,3
"Justyna W",2,0,1
"Izabela S",5,4,0
"karolkafe",4,0,0
"",1,0,0
"Paolo N",16,8,5
"Jitka F",8,7,0
"sofieliza...",6,6,0
"nooravag",8,5,3
"SecretBlo...",12,10,6
"w0jtunio",2,0,1
"Adam K",3,3,0
"Szymon L",18,10,4
"Dorota H",13,0,0
"IzaU2013",22,16,5
"zwiatremw...",33,16,11
"Bartosz K",6,5,1
"Freeqy",1,0,0
"Jakub S",2,0,0
"david v",8,3,1
"Krzysztof...",2,0,0
"Karolina...",2,0,0
"Kasia M",21,16,7
"karolcia9...",35,10,3
"Marcin S",7,6,3
"Klaudia Z",15,10,3
"Ola T",4,4,1
"Agatanero...",16,12,8
"Pah T",144,24,51
"Damian199...",9,8,3
"Monica C",7,3,4
"juuulian",4,3,0
"StefMilan...",154,82,74
"Karolina...",3,0,1
"Peppe L",39,31,9
"Denis B",100,24,60
"Kamil W",8,6,8
"Monika_i...",4,0,4
"Do R",4,3,0
"Marta N",26,25,5
"Aleandro...",10,0,2
"Karol B",2,0,0
"Sebastian...",3,3,1
"Cihan A",4,0,0
"Mignonka",5,5,0
"Szymon J",24,16,7
"navigate1...",3,0,1
"ANDRU S",4,4,2
"Natalia L",29,21,2
"Micha S",1,0,0
"67jac",1,0,0
"Vlad870",64,40,8
"hofander",6,4,1
"Krystian...",2,0,0
"Krzysztof...",1,0,0
"olciaik",3,0,1
"Lena H",2,0,0
"To Ja S",3,3,1
"Karorzech",2,0,0
"Biker-Tho...",74,15,34
"clio_sele...",2,0,2
"Agata S",3,0,5
"Aliai14",10,3,4
"Julita S",24,14,6
"Patrycja...",4,3,2
"KarlaWu",20,8,6
"Piotrek K",9,7,1
"moab_13",63,19,50
"Janek K",10,6,1
"Caroline...",9,7,0
"Kallveris",6,4,1
"KPNTN",90,43,30
"Alutka95",32,15,27
"Annomon",26,21,9
"Svietik",43,14,24
"Vladimir...",4,3,0
"Mateusz M",20,10,11
"Filip D",3,3,0
"Dominika...",3,3,1
"Agnieszka...",18,14,3
"Kaya Z",10,8,2
"vanilla16...",9,5,0
"Lemmra",16,14,5
"Camille B",6,6,2
"kaczmarol...",3,3,1
"tenkoloro...",8,3,6
"wbielawsk...",12,11,4
"Pawlikowa",13,9,2
"Malgorzat...",34,22,19
"PJOTromss...",23,17,12
"RudyUS",3,3,0
"Donatella...",68,47,26
"Marta C",27,18,10
"Pitforek",13,0,4
"anieczka",2,0,0
"Elena K",50,14,6
"Marco G",8,8,0
"Raffik000...",124,36,66
"Darek C",1,0,1
"Marta J",4,3,1
"Jan A",8,7,6
"Robert T",40,23,16
"Nina W",33,14,29
"Jana W",42,20,22
"Agnieszka...",6,6,0
"ThaMik",1,0,0
"Tomasz K",3,3,1
"Joanna M",2,0,0
"Asa S",1,0,1
"Acantus",17,13,3
"W Z",24,22,12
"BerlinFra...",65,30,36
"Paulina E...",2,0,0
"murlesia",313,187,86
"Mateusz S",1,0,0
"Monikki71",24,19,7
"Bartomie...",39,12,16
"KinkyAnn",6,5,2
"Klinkosia",29,11,19
"Artur B",4,4,3
"Marta F",15,15,6
"JPopiel",213,29,121
"keryjka",1,0,0
"G N",3,0,2
"AlexTrojm...",12,9,3
"brak l",7,7,7
"Marloie",65,33,27
"Zet E",41,17,18
"Marta B",4,4,2
"Adam J",3,3,0
"Kamil M",7,7,2
"Basia S",4,3,4
"nielubiet...",12,3,14
"Marek D",91,55,28
"",53,26,19
"Nikolay82",46,40,17
"jacektr",2,0,3
"Magdalena...",6,4,4
"Anna K",39,31,17
"Alicja B",29,20,12
"Adam K",4,3,4
"chiara_sg...",51,43,13
"Pawe B",18,7,1
"recensito...",60,25,36
"Pszczoolk...",3,0,2
"ciemny77",3,0,2
"Cristiana...",8,8,11
"Anna S",1,0,1
"Pau P",17,16,7
"Laddie O",1,0,1
"Annecxt",17,0,19
"Brussels_Judging",21,13,9
"Johan L",2,0,1
"clara851",30,4,7
"Toby M",2,0,0
"bpiscesun",17,5,3
"Arne N",1,0,0
"Cedric S",3,0,1
"ninainceman",10,5,8
"dompros",1,0,0
"Jacek O",2,0,0
"Grzegorz...",86,36,39
"Marta K",1,0,0
"Przemysa...",1,0,0
"Nadia F",76,44,16
"Ricciolis...",462,292,139
"trans00",1,0,0
"Hieronim...",1,0,1
"Micha J",2,0,0
"Rob C",1,0,0
"smakoszek...",2,0,0
"22MP22",21,20,4
"Ania B",29,22,8
"Bogusaw...",1,0,0
"Julia R",1,0,0
"Anna P",1,0,0
"Photograp...",74,45,21
"teresa c",1,0,0
"Agnieszka...",10,10,3
"tomson623",28,13,6
"Justyna M",5,5,2
"Renata D",5,3,1
"mira k",6,4,4
"ignacio o",30,30,14
"Aleksandr...",1,0,0
"Gajos76",2,0,0
"Magdalena...",31,23,4
"Gdynia123...",1,0,0
"abakus",27,16,5
"Stein12345",19,16,5
"Norwaylady01",3,0,1
"IanJuan",112,55,34
"Jonas K",1,0,0
"Gronings_Expat",95,24,85
"Gregg M",13,10,2
"Joanna M",1,0,0
"antony l",3,0,10
"Jorgen H",2,0,0
"OscarOslo",17,6,11
"Jan S",4,3,1
"debdahl",124,62,58
"Mari L",3,0,0
"Beckybumbledrop",50,35,5
"ShanksPonies",80,39,50
"Oeien",8,6,0
"knemis",31,12,6
"fsax",59,34,42
"Petepee",31,25,16
"langholm",19,11,5
"Salim D",4,3,1
"Niall C",15,10,16
"NielsB90",3,0,2
"Fleckapuppy",48,32,13
"losprohlos",10,10,4
"lenkre",96,60,48
"Gio S",36,24,12
"Cristina F",2,0,0
"happytravelerDurham",47,29,25
"Gian81_1",105,80,52
"Gail M",5,3,1
"Jouni L",104,41,51
"Jessika B",1,0,1
"Hesimj",1,0,2
"Storm4me",67,18,47
"Brett P",2,0,2
"Babeski",45,37,31
"tomih95",1,0,0
"mikkom197",5,4,7
"Harrie H",5,4,1
"Solveigege",2,0,0
"joew1967",39,23,33
"Ravennarose96",137,67,117
"Ulf P",61,39,26
"DiploDave",39,28,17
"Megi P",12,3,4
"Sharon G",49,38,17
"balzan",6,6,4
"Phillip S",11,9,3
"Cranwood",1,0,0
"",2,0,0
"yvonnefors",2,0,0
"DrVetticus",16,5,14
"Lee M",32,13,9
"Nina S",8,4,6
"Adriana M",11,7,2
"Kai D",36,26,29
"LadyLottie",19,13,15
"NiallF91",16,12,9
"Arya O",26,9,19
"D H",5,5,2
"ClaireLoop",4,4,5
"Camilla H",2,0,2
"frkmira",2,0,3
"racingferret_uk",3,0,1
"Robin V",4,0,3
"t0by86",32,22,30
"Vonpaananen",1,0,2
"GunnHa",276,194,121
"moya f",25,17,14
"Leena S",182,125,40
"william2905",21,15,11
"Martin K",15,9,10
"Jilllian",650,466,347
"Lonesin",8,5,13
"Emmanuel A",2,0,1
"Ine Therese K",9,7,12
"GunnTore",2,0,0
"Arne E",10,4,1
"Irene K",4,0,2
"Johanna S",1,0,0
"Katarzyna...",10,8,1
"Murthe",51,21,3
"Geir V",8,5,0
"Bokjah",3,3,0
"Turysta_7",47,21,44
"",112,19,23
"Mena12345",55,20,13
"AstridLan...",15,4,10
"rascalibe...",1,0,0
"maurowave",818,340,715
"alberaf",355,283,159
"Davy M",7,4,5
"alcont90",1,0,0
"bertjonge...",85,30,7
"Trond L",16,12,10
"olov a",6,6,2
"marcolio9...",12,3,3
"jorunn53",47,24,23
"reginaf17...",17,8,8
"Pro F",9,4,4
"PHLVB",6,6,1
"Zawalidro...",11,9,12
"Tollaro",8,7,7
"Hattifnat...",3,0,3
"Erika S",20,9,7
"Tullingee...",12,8,4
"Sara L",5,4,2
"Pawe K",2,0,6
"Anna K",10,7,15
"Tom P",3,3,1
"Hakujin72",1,0,0
"Anders J",13,9,8
"Anne Mari...",95,48,16
"Galina B",106,40,61
"Svein B",2,0,1
"Joppe2013",2,0,1
"macdrolas",57,39,23
"Frode G",10,0,2
"Anita N",8,3,3
"Terje F",108,55,76
"igigabass",64,23,36
"Ilona K",75,22,11
"Ancalagon...",9,5,3
"JoneHS",12,10,9
"RubiaPola...",9,0,5
"Mathilda...",8,7,2
"Edyta S",96,70,18
"SBrenden",1,0,1
"IngridBie",4,3,11
"Laars1",30,18,8
"Beherma",1,0,1
"jompah",7,5,3
"Curly_Da",15,6,19
"Anna G",16,10,7
"unnimarle...",59,33,16
"Pumachic",13,4,3
"Bullmamma",15,9,5
"ebuphil",65,35,25
"Alessandr...",67,33,23
"Kyjanka",113,50,107
"Jhaug81",1,0,2
"marta s",1,0,1
"TheCodfather",64,38,88
"JulesG1304",7,3,3
"william t",133,95,16
"Colin M",4,3,0
"Richard B",4,0,1
"Marcin K",16,15,1
"kochamkinie",154,37,71
"Marioviaggiatore",379,169,262
"loic_ds",5,5,1
"Linda_1876",4,3,3
"Tonje O",7,6,0
"hemingwayaway",137,66,242
"Martyna S",5,4,2
"Juliaaurora",24,9,26
"Linnea K",10,8,5
"wildcats8",66,13,44
"Leonard G",8,8,2
"Miguel S",15,8,6
"nicklawton",5,0,4
"Adrian S",8,6,5
"jassujasmin",3,3,1
"sally h",75,37,74
"WillBill55",166,45,67
"m0zfan",58,40,68
"meggymoo28",21,15,13
"Matthijs J",20,9,5
"Amylie-Laf",6,5,2
"Daniel S",49,40,14
"Michelle B",10,9,1
"Stuart T",1,0,0
"adventurena",20,11,21
"esragezmekistiyo",23,19,14
"LondonNYWA",19,16,8
"Annasito",27,11,10
"Nuranura",10,7,7
"borynka",37,22,18
"Magnus H",11,5,9
"Vinnie T",32,24,20
"AlanT88OWN",162,58,52
"Voland363",1,0,1
"J2119",5,3,7
"Wales63",41,31,40
"Andrzej O",1,0,0
"Paulina Z",3,3,0
"Henrik L",21,9,0
"Michael F",32,15,6
"Darya R",4,4,0
"red :",121,35,11
"anna m",22,16,1
"Monika N",6,4,1
"Michal W",14,6,6
"Piotr P",10,9,6
"Natali S",7,6,0
"ZimnaBuka",6,4,3
"Tatyana D",319,228,77
"Kanelbull...",45,37,17
"ukasz W",16,6,5
"S B",9,5,1
"Tomsky1",10,8,2
"Micha M",12,8,5
"Huubii",36,30,13
"Odd R",11,9,2
"lustgarte...",3,0,4
"Kristofer...",5,5,0
"jjg j",86,59,12
"Framy59",199,82,109
"candmcooke1",57,45,24
"vt2europe",20,13,3
"ED44SF",71,17,35
"SylwiaSza",84,31,25
"Norbert K",40,35,17
"HoneymoonersUppsala",10,4,6
"Katie J",61,52,14
"jesperzac",38,31,11
"Niinacarina",7,5,2
"Randriksen",38,23,18
"lalapl",14,13,2
"Lene H",20,16,2
"viktoriaferencz",62,47,11
"Steffen B",3,3,1
"Anne V",7,5,1
"Heather S",110,66,29
"Marshland82",32,27,18
"NainaKiewna",26,15,7
"lindsayofsheaves",19,13,5
"B R",30,6,16
"Nicholas_Yanica",15,10,7
"Erika V",81,59,30
"Jacovski1987",12,11,7
"Sarah S",2,0,2
"KatBarnwell",59,47,30
"grimsruds",15,13,19
"TheChief",58,22,39
"Guste M",50,13,25
"goodgoodies",5,5,6
"Kiwi_Karen2013",7,3,10
"Kristian M",6,4,4
"Pete973",17,9,3
"Squidsoup",62,27,40
"guptaka",15,14,5
"matrix1000",263,108,189
"PeterCF44",62,38,40
"Susanne S",7,7,2
"Mikethecoach",11,3,13
"Paul C",14,9,4
"tomtomnor",151,87,53
"mrsMaus",64,13,38
"kirbzzz",86,30,29
"Dzinni",16,10,8
"LestateWei",91,33,55
"Telma I",3,0,3
"vhussenet",3,0,1
"Grim M",11,11,3
"Michael M",2,0,0
"tassieBerlin",76,51,31
"CharlieonTravel",79,50,54
"Plitka",24,19,5
"Petesholidaytips",4,3,6
"neodv9",20,14,9
"Brynheulwen",42,21,70
"manzana26",32,19,7
"Matthew K",6,3,6
"Glutenmonster",3,3,3
"emmaati",13,5,8
"Rera265",8,3,4
"caarina b",6,6,3
"michal n",1,0,2
"Monica L",2,0,0
"Martina G",2,0,0
"Sylwek S",7,7,0
"Anna K",4,3,0
"bella7892...",6,4,5
"Beata K",8,6,1
"ukasz B",2,0,0
"Sawek S",22,13,2
"AlyAlyceP",19,14,7
"Inchufla",26,16,15
"Liv Chris...",3,0,0
"Iwona J",9,9,4
"Karolina...",56,30,12
"HaHIIT",2,0,0
"Kristine...",6,6,0
"Marcel S",6,0,1
"Ania G",3,3,0
"Dominik R",16,15,4
"Karolalal...",17,8,6
"Peperuo V",5,5,0
"tandzio",3,3,2
"Maciej S",1,0,0
"Camiladel...",5,4,0
"Sylwia P",45,24,12
"Damian S",8,5,2
"Rebecca S",4,3,0
"Poranna R",5,4,0
"KarolinaL...",4,4,1
"Kamila M",3,3,0
"Aida568",1,0,0
"Jacek D",35,19,9
"SJarek",4,4,0
"Bertaaaw",8,8,4
"EBsol",9,7,4
"Marc S",242,151,43
"MikolakKe...",22,13,2
"Justyna K",3,3,2
"Karina P",6,6,1
"Miriam A",2,0,1
"RBN35",9,5,4
"Tomasz W",7,3,3
"Miszka S",6,6,1
"Agata J",5,3,0
"Margit S",1,0,0
"merol777",386,155,140
"Krzysztof...",20,8,4
"Dominika...",7,7,3
"woojinlin",132,75,67
"Hilde E",9,9,4
"lenkarol",22,17,5
"",68,20,47
"annieok20...",106,84,50
"Sahar H",2,0,1
"Benedicte...",7,7,2
"Andreas G",24,14,1
"Karolinen...",3,3,1
"Zasmakowa...",66,44,28
"ArvidFa",4,0,1
"Stavanger...",23,10,19
"dorota90",34,6,7
"Jadzia N",33,22,24
"Jimmy K",94,60,15
"Akebakken",4,3,0
"Wojtek O",6,6,2
"Polina-Og...",88,47,24
"Agata C",13,12,5
"Runar K",1,0,1
"Pawe L",2,0,1
"Yulia R",401,176,662
"xoxor",29,7,7
"wojciech0...",43,23,35
"Marcin P",3,3,3
"",3,0,3
"gianni48t...",144,96,63
"Viktor K",15,9,7
"filippo z",32,25,19
"Mats P",40,18,6
"Martin P",24,19,3
"Soppulf",19,11,5
"Sturlings",2,0,0
"MajaM774",47,26,16
"Alessio P",1,0,0
"Joanna_Po...",13,10,2
"Miriam J",3,3,0
"VidarMe",14,6,9
"thebourbo...",51,42,19
"artiffm",7,3,4
"Eirik S",4,4,1
"KeepOnMov...",46,43,21
"AnnaJohan...",3,3,5
"Mariia A",91,31,70
"Nankaaa",16,10,7
"MM1958074",184,135,156
"...",12,11,4
"Natalka K",2,0,2
"mollydorset34",20,7,15
"abayoka",38,9,29
"voitoosh",27,9,15
"Pidde P",2,0,0
"357AG71",6,4,2
"uberelfer",7,5,3
"larseryd",3,0,0
"DarrenH4",31,14,12
"fraugluecklich1",22,13,3
"VIktor332014",21,7,9
"janevick",8,6,3
"TheWillis07",7,3,4
"FECarson",4,3,0
"Ania K",4,3,0
"Michael B",14,7,6
"EirinLZ",17,14,10
"bj0rn89",1,0,2
"Aperolmannen88",1,0,5
"4-legged-creature",39,14,10
"Yarek M",3,0,0
"LediManchester",5,3,2
"Posh N B",55,33,53
"KaHa969",25,5,11
"Katukas10",5,5,5
"KaylaManning",64,22,127
"thehund",1,0,2
"90_Verde",11,6,14
"Jukka K",3,0,4
"sa_oo84",3,0,3
"MM_Oulu",22,12,17
"Kasia e",3,0,0
"Lavezya",7,0,2
"Freyr L",26,19,2
"Karolina...",25,23,6
"Adam W",4,4,1
"Antonio F",146,130,36
"Emil A",11,0,0
"prayerInC",2,0,1
"Peter J",9,4,5
"Anne-Mali...",6,4,1
"Daniel C",17,10,2
"Andreas S",145,51,44
"Patryk L",3,0,4
"Adam Z",39,20,21
"Dominika...",1,0,3
"Barbara M",6,4,6
"Tore G",1,0,4
"Margrethe...",3,3,3
"Maria H",24,17,12
"Rafa C",1,0,1
"aleksande...",2,0,5
"InConGruEnTe",23,18,24
"Piotr S",1,0,1
"Kasia2406",2,0,1
"Leszek M",2,0,2
"MK2B",105,105,40
"Kamil C",1,0,2
"kimmomatkaaja",5,3,1
"67piar",13,13,4
"GALONNERO",6,6,0
"RozaiAlek",2,0,5
"Anna Z",3,0,7
"EmiiMihau",79,50,9
"Pawel Z",2,0,0
"J. P",4,4,2
"Likh L",2,0,0
"Micha C",14,8,4
"katy_nen",6,0,2
"R0bsky",1,0,0
"Gregory11...",18,11,6
"Magda M",1,0,0
"Darek K",7,0,0
"ukasz L",2,0,0
"Adam K",7,7,0
"ukasz N",4,4,5
"Dagmara P",14,5,5
"WojciechS...",22,9,5
"Krzema",1,0,2
"Agata C",1,0,0
"IdaKatariina",4,4,0
"SofiaGarcia",25,18,3
"Boris L",94,66,47
"ParadiseDonair",7,7,9
"katarzynamalgorzata",14,10,10
"MLSimonsen",2,0,1
"MaciejWojcinski",1,0,1
"Tedwong1977",18,12,13
"MP-Norway",31,6,16
"matowi",35,18,23
"stighvorup",3,3,7
"Magnus M",6,5,6
"Molly_Meg1977",22,18,11
"Astralavista",11,8,6
"Elin_o123",1,0,1
"Jolis36",21,4,6
"VB_Oslo",7,0,6
"ofHarwich",87,55,49
"Tiina J",20,12,9
"UnidentifiedTraveler",3,3,4
"Pal K",16,15,17
"polekatPorthtowan",15,8,13
"GHMShrewsbury",156,105,76
"Kees V",30,17,14
"Camilla-reiseglad",3,3,0
"fritzmollie",81,20,50
"Don M",222,110,46
"KaneScott",21,14,14
"Valery S",75,59,28
"sean c",15,8,9
"RosineB",158,63,70
"Rorie S",4,0,1
"MartiniWarsaw",70,31,59
"Daniel1984OSL",8,6,5
"Katarzyna M",14,11,7
"Yennefer91",24,12,6
"Amit A",46,36,16
"PatoColumbus",60,7,44
"Jo65_DK",54,49,23
"Tomasz S",59,30,15
"Olesette",62,38,63
"Warsaw_Mario",56,31,34
"Luke T",12,10,9
"ageKopervik_norway",6,4,5
"Zibby K",53,23,28
"Lillemonster",30,18,33
"andmaro a",31,29,24
"Mattsaman",80,29,51
"Ola K",4,0,3
"marithbk",68,32,20
"weiyunmak",59,55,35
"Bauhaus100",99,59,52
"erc0lan0",28,17,23
"Superkajsa",22,12,10
"Tamara C",5,0,2
"aga s",1,0,0
"Zbyszek R",1,0,0
"Antje H",1,0,0
"Marzena Z",1,0,0
"Jolii J",1,0,0
"Alicja S",1,0,0
"Klaudia W",1,0,0
"Agnieszka...",1,0,0
"Alicja_Za...",1,0,0
"kasia k",1,0,0
"Hans K",1,0,0
"MartaTW",2,0,7
"Jochen E",1,0,0
"Eatrest",30,9,7
"Ilona",43,20,11
"Anita K",9,0,5
"Anja M",3,3,0
"Adam M",312,133,79
"Przytocka",16,15,10
"Hamsterba...",2,0,1
"KetilC",4,4,1
"Lorenzo D",6,5,4
"agnieszka...",1,0,1
"thomasvae...",25,19,4
"Bartosz G",1,0,0
"Marek K",1,0,0
"Bartosz C",1,0,0
"Marina L",15,3,7
"Rafael G",13,9,9
"erebus200...",108,68,26
"WojZa",58,35,15
"Lidia H",4,0,0
"lechca",99,43,70
"Marcin S",45,41,18
"monika_wy...",52,24,22
"Ubo076",53,36,1
"lusiro",11,3,14
"Iwona1961",13,7,6
"Sebastian...",30,5,36
"Gringo666",8,0,1
"XO23",7,3,7
"Nicklas80",3,0,0
"Bente M",17,12,9
"Aleksandr...",2,0,5
"Are G",18,11,7
"Piotr92",8,8,6
"Joanna O",81,20,29
"annkg",20,10,3
"Lazerlaze...",26,16,16
"Tommy S",5,4,2
"mauriziod...",53,25,27
"Nicoletta...",99,54,46
"ttg12345",21,16,8
"Anka K",77,42,158
"dirkandol...",43,22,32
"Almut G",3,0,2
"Vale1308",141,68,44
"marlewrhy",46,35,23
"Marceltj",4,0,3
"agniesp",10,4,2
"Sherham",24,7,18
"InnaArina",8,4,3
"Aleksi T",2,0,1
"GoSia K",6,5,2
"Charlottecharlo... C",3,0,2
"TulpanAmsterdam",166,124,47
"Oil_sweat_and_rigs",4,3,1
"MatsLindh",64,26,8
"Aleksandra M",1,0,0
"adammichael77",22,4,15
"miimikko",15,14,1
"bobbyblade",116,71,169
"uncletony",65,14,147
"Krzysztof B",2,0,0
"Sebastian7790",4,0,1
"Pelaski P",87,74,27
"ThereseVS",38,11,4
"852hannu55",2,0,0
"tonik448",9,8,1
"Ola_912",29,12,15
"Alpenbitter",41,24,26
"Rohan S",4,3,3
"Tom R",42,38,8
"Gidion V",2,0,1
"Coolhead55",47,11,11
"angelas1966",20,9,21
"Kime69",1,0,1
"ktandstu",25,9,20
"Marius Z",35,10,39
"annaaW6333ID",54,27,15
"sheewee",1,0,1
"mebaltes07",1,0,1
"Wiedehopf",3,3,1
"LasBabas",27,11,41
"May-Lene S",2,0,0
"MaritaFagerhaug",56,32,14
"GarrLocke",3,0,0
"Chanksie",125,54,201
"Tollbooths",1,0,0
"37_ellena",19,5,15
"Robert C",80,56,17
"tarzangav",103,26,80
"Gepetto C",3,3,2
"MinkeOenema",2,0,0
"Jiri K",76,41,28
"Gabriel P",56,23,55
"Alex K",2,0,0
"Boy_joli",6,6,0
"DerHenni",147,63,78
"French-Fancy36",38,28,28
"agamroz",5,0,1
"clare621",58,15,40
"Victor S",5,0,6
"Vinminister",11,10,6
"Baget",21,13,3
"Anna S",62,28,32
"Anna S",12,4,5
"Agnes L",18,12,9
"janevada",54,26,42
"Beata M",392,285,156
"slawenty",7,7,2
"Krzysztof1000",10,3,10
"ZbigXXXX",18,6,8
"sriis",7,7,4
"qubelas q",1,0,0
"Reima79",11,10,0
"Baksetesjaforen",18,8,46
"Jouni V",80,64,46
"Magda G",12,11,5
"Igor S",47,15,58
"LISE54",15,6,10
"ystein",2,0,1
"DudeTrip",1,0,1
"Keerthana_Sethu",14,3,23
"carapils",1,0,1
"Giancarlo M",2,0,0
"irenem72",30,4,56
"Michele R",46,23,29
"Late-Day-Traveller",199,100,76
"Jungelmann",43,25,23
"bertillen",18,8,9
"KisaAMA",103,67,36
"Mario L",73,34,81
"Yum83",3,3,6
"jonathan r",7,3,9
"ArmandDescailloux",1,0,0
"Filip T",12,6,0
"Marta D",17,7,11
"Eli H",2,0,0
"Monika S",1,0,0
"CatoTot",14,5,2
"Roos K",7,0,1
"Arne G",19,13,1
"Anna K",6,6,0
"helgehals",21,21,1
"Rikard80",74,53,9
"Cristina...",11,10,0
"Manuel S",9,9,0
"Dominika...",3,3,0
"Henk t",65,22,23
"Mariolka...",3,3,0
"Mia T",1,0,0
"Karianne...",11,9,1
"Keicam A",28,16,1
"Monika K",3,3,0
"piskierka",3,3,0
"PiotrNet",3,0,0
"thomashc8...",9,7,1
"Barba984",17,17,3
"Carstenau...",43,19,16
"Pawe B",44,42,4
"Kathy M",2,0,1
"KmkCorp92",2,0,0
"Marvin_19...",18,11,0
"Karolina...",1,0,0
"Tomasz G",3,3,1
"dby93",31,7,20
"Kasia62",1,0,0
"westesson",63,7,18
"Kashmirr8...",12,9,1
"MDRZEWIEC...",2,0,1
"pietroz55...",20,11,2
"Bartomie...",20,20,4
"Magdalena...",7,4,1
"Tomasz B",12,6,0
"Filip B",29,14,3
"Marcin W",2,0,0
"Kasia C",4,4,0
"Cecilie S",1,0,0
"Martin J",20,13,1
"Isabelle...",3,3,0
"Betina B",4,0,0
"Artyogin",15,10,0
"spa0906",4,4,0
"Merk85",40,27,13
"Xcbxfh H",7,5,2
"Christina...",11,8,3
"Stale T",7,6,0
"PAWE K",71,26,23
"JorgenJac...",153,37,95
"DanielPor...",10,3,2
"Roland K",15,13,3
"jo_aleks",7,7,1
"yobwons",11,5,8
"Ewelina S",1,0,1
"Bart O",1,0,1
"John H",109,51,27
"Ryszard_O...",180,114,233
"simenoien",8,5,3
"Tomasz Z",18,12,3
"Teresa B",1,0,0
"Tomasz D",2,0,1
"Darek U",6,4,3
"Nicolas K",35,24,13
"Edyta G",1,0,1
"Pawelek84",1,0,1
"toeriksen",2,0,0
"Maciej G",3,3,3
"Dunkfarth",11,9,4
"Gapatrost...",24,19,7
"Anna Z",1,0,2
"Gos O",35,22,13
"RobLille",58,37,15
"bluecoqui...",7,6,2
"AneczkaAn...",2,0,1
"mikolaj75",1,0,1
"Rebekka I",4,3,4
"Marianne6...",14,6,13
"Pawe M",2,0,3
"Magnus L",7,7,1
"dank202",2,0,0
"mamoh2014",5,0,4
"Maciek C",50,27,103
"Bozena C",1,0,4
"Pawe S",1,0,3
"Jan G",1,0,1
"Agnieszka...",4,4,4
"Bente Hel...",4,3,2
"amjjm",6,6,6
"gabrielct...",720,381,700
"euarseni",41,24,18
"Marcin P",2,0,2
"Alessandr...",1,0,0
"Kaaterina...",28,25,4
"PLXZ",6,3,2
"Kajtek D",4,4,2
"Magdalynk...",12,7,9
"Cogito62",116,50,53
"MadaaIM",14,8,12
"Olga_L09",18,3,7
"marekpawe...",18,10,10
"Maciulkin",4,3,2
"Ingrid K",30,12,3
"Gianni A",157,69,229
"Michael13...",57,41,25
"lobo-pl",8,3,9
"Berowit",27,7,18
"santiago4...",18,5,9
"Synnve J",11,8,0
"zimmer73",12,6,1
"Zuzanna S",1,0,1
"Yagusia",1,0,2
"Bernardo...",165,113,74
"Basia S",2,0,3
"EunikaSz",1,0,1
"rychw",3,3,2
"asioper",1,0,1
"TomekAnia",7,5,5
"Bartixd",1,0,3
"KrisS47",4,0,8
"Frulo G",1,0,0
"malkonten...",1,0,0
"ramiro8",3,0,1
"Natalia G",3,3,9
"Alfon61",100,55,50
"Ovilnie",69,41,30
"Maciej74",5,0,1
"Terrence T",21,12,8
"Sven G",24,23,7
"FrederickJT2",7,0,3
"NormBC",198,91,108
"IulianBucharest",10,3,8
"Justyna B",8,8,2
"KatrienBelgium",12,3,3
"Sanka_Lives_Here",3,0,0
"NinaBergsten",1,0,0
"crq2010",45,31,22
"Josan Y",7,4,3
"sommer9",85,29,54
"Eric0099",146,77,59
"Gryzli69",1,0,0
"Cecile B",35,22,10
"Ulrik J",76,28,23
"Meghan D",7,5,0
"Adventurer62",68,34,18
"Salla O",7,4,4
"v700",32,14,26
"Tomas G",9,7,0
"Robert B",46,29,16
"Lucy A",4,0,0
"Bevy JJ G",19,19,7
"Iain N",10,3,4
"wabajisik",30,11,15
"Natalia K",8,7,1
"Riccardo B",1,0,0
"mali2007",50,14,89
"Matt O",9,4,4
"Kingsjill",13,6,10
"NrSmith",6,0,3
"AngelaWI",21,10,15
"Closie",1,0,0
"Larksongbird",21,13,17
"kris k",8,6,11
"KovskiJordan",3,0,2
"Tony H",68,46,29
"Adrian H",18,10,4
"DesL",14,10,7
"GSheppard",3,3,1
"MagdaBW",35,22,22
"Kachna K",2,0,0
"Zorg1970",257,87,95
"tigda",1,0,0
"Zyrek",26,13,9
"Adamjot",23,11,1
"",2,0,1
"Anna G",4,3,1
"lavi58",143,99,51
"BirlitW",1,0,0
"viaggiatr...",487,180,263
"Jorg  M",2,0,0
"Katarzyna...",39,21,9
"Aniel U",24,5,4
"janmp89",26,6,13
"Izabela S",15,8,2
"anto s",3,3,0
"Marcin D",3,3,0
"Damaris L",64,27,26
"Brzozap",7,5,4
"Leo77li",14,11,2
"Agniees",1,0,0
"Melanie-P...",7,6,3
"Catarzina",2,0,2
"Lea C",5,5,2
"Laura R",7,5,7
"erman77",39,20,27
"Roxing75",43,27,12
"M M",10,3,7
"Sebastien...",19,17,7
"bcha2014",9,9,8
"Christian...",18,12,8
"anna q",3,0,5
"Itziar B",9,3,3
"Marta K",2,0,0
"enza  s",9,8,9
"Qazx11",30,26,44
"",165,89,64
"luca8270",2,0,0
"pstiva",616,458,663
"Barbor201...",1,0,0
"Meuwka",2,0,1
"luca p",27,18,12
"...",73,23,38
"Bogumia...",10,4,3
"Ralph B",36,29,14
"Bmbr2014",27,20,13
"Ja C",15,11,8
"Krzysztof...",12,10,0
"...",6,0,26
"DC-3Viato...",271,63,110
"kurthoeg",26,10,7
"Mkot122",2,0,3
"Maciej M",2,0,0
"Anastasia...",72,13,56
"k-antony",15,4,8
"Luca_Tell...",32,21,18
"Misza81",4,4,7
"Empoli_FI...",10,9,4
"Ali610",41,25,23
"midsummer",11,5,16
"Peter B",10,7,4
"Kallejar",4,3,1
"Marit E",2,0,1
"hoggite",4,3,1
"AndyCove",49,28,27
"SiriWT",26,7,13
"alicia01986",3,3,0
"Kristiangrill",7,6,4
"Rolness",13,8,5
"Mustafa H",5,0,2
"Emily D",15,13,7
"Vigdis-John",24,16,17
"Esteban F",13,10,1
"Kingoftheslums",101,53,96
"MARK J",47,12,47
"Michelle M",62,35,28
"Andy M",10,6,3
"YoungNorwegian",61,58,15
"robertf50",30,11,26
"aandr38",59,28,30
"Zosia D",2,0,0
"Blerta D",20,9,0
"Natalia D",18,0,10
"Anders G",2,0,3
"andy_scot_uk",211,102,192
"SO39London",15,4,19
"Gabriel K",18,14,3
"ThomasAlcock",33,19,26
"michaeld32",27,17,13
"Nieminen",36,8,27
"Ralph B",94,59,39
"golondrina2010",4,0,4
"MarkoFin",8,5,5
"Piotr G",36,18,18
"Tony P",34,16,11
"Eva B",38,30,18
"JeannethN",22,11,13
"Tizzyanne",7,3,5
"phillystravels",113,45,90
"PaulStrobl",29,15,17
"panzer76",100,68,60
"Perttu V",20,15,4
"EwaGdansk_Poland",2,0,0
"Tiny17",26,16,16
"christiano_10",251,39,125
"Papito1",127,42,90
"Yauheni19...",7,6,0
"tourist60...",12,4,0
"maksymaln...",6,3,5
"BarOrs",1,0,1
"Vitalina...",29,14,19
"Lene85_No...",4,0,2
"elotiruri...",1,0,0
"ptaskde",37,17,14
"resande91",6,5,0
"Sivkarinr",11,4,0
"Looff",10,7,8
"Kay B",2,0,0
"David W",12,0,3
"Heidi N",2,0,0
"Duppsko",12,9,9
"camilla k",39,16,8
"Marek T",2,0,0
"Fabio C",3,0,1
"Wojciech...",10,9,0
"Lorenzo Q",10,8,4
"Bartek K",5,3,0
"Josefina...",13,11,5
"thomasnor...",20,13,0
"Ola S",24,9,1
"Joanna T",3,3,1
"Cecilia N",11,8,1
"Ingemar F",25,14,2
"Kasia G",3,0,2
"Po P",5,5,1
"Radosaw...",5,5,1
"JorgenNor...",9,6,2
"876betty",47,14,11
"funnylike...",18,15,5
"Maciej P",5,5,0
"Martin_OJ...",6,0,2
"druga_str...",5,5,2
"Maria W",1,0,1
"Robert S",2,0,0
"Tomasz G",37,12,16
"Lillian O",1,0,0
"Eva B",8,7,1
"Ewa K",3,3,0
"Tonny C",12,0,1
"Kamila C",1,0,0
"ruudex",3,3,0
"Bozena Z",1,0,0
"Juuso H",2,0,1
"Salikatt",37,22,43
"sabina795",32,21,15
"Maria201C",6,6,4
"KaraMaszk...",5,3,4
"AnnaReett...",7,4,6
"Patryk K",43,8,31
"2ale2",29,16,24
"violkaa",9,7,9
"Marcin D",7,5,4
"Monika K",7,4,2
"hhhxxx",14,14,18
"Szylusia",12,4,2
"Sara J",49,20,11
"MONIKAOK",2,0,0
"kajamozej...",14,6,5
"Mateusz M",2,0,2
"Hanna R",7,4,5
"Dimsch",5,3,1
"Erik A",1,0,1
"Cathrine...",3,3,1
"RudejRodz...",11,8,2
"christina...",5,3,1
"Kodziu",35,26,43
"Veronika...",2,0,0
"Marcin R",9,0,8
"Dorota P",42,38,6
"Tomas K",20,17,4
"Mona M",9,5,7
"cassandra...",7,6,0
"Kati_Siar...",31,28,11
"Piotr W",27,14,22
"alenabul",30,13,19
"Stehell",53,29,7
"Stig J",16,8,6
"Dmitry M",8,5,1
"DorotaDor...",10,10,0
"Svetlana4...",54,11,14
"hanspivar",6,3,2
"Marco M",28,19,13
"Filip S",2,0,1
"Mariaiyst...",2,0,1
"Merete123",58,40,22
"Gosia J",10,10,2
"Eggeskall...",24,14,13
"Rickard S",5,4,0
"Inahj",11,10,6
"Maciej B",4,3,2
"Matte34",7,7,3
"Raav92",5,3,1
"raven r",21,8,6
"Kasia P",1,0,1
"Zbyszek K",3,0,1
"amop60",5,5,2
"Karolina F",16,15,1
"Amy R",32,19,15
"Sebastian G",5,0,1
"Ingridki",2,0,1
"DorotkaSz...",1,0,0
"Kamila S",1,0,0
"woz_z_weg...",3,3,0
"peppietom...",18,9,15
"Krystek_1...",3,0,5
"Bo B",7,7,3
"Karolina1...",24,20,0
"YotDe",4,4,1
"Vazelsky",17,4,16
"Elineri",13,9,3
"Marzena S",2,0,0
"Margaryta...",2,0,0
"Hakki F",1,0,0
"Kamil B",5,3,2
"hypnotyze...",2,0,1
"Marcin N",1,0,0
"...",1,0,0
"Karolina...",3,0,0
"Anna B",3,3,0
"Jarek_Gda...",35,13,11
"Piotr C",1,0,0
"Agusia86",7,0,6
"Marusia K",1,0,0
"bartek_p7",1,0,0
"Wojciech...",2,0,0
"MagdaTy",6,6,0
"684avatar",1,0,2
"Pawel_loo...",1,0,0
"kebab2015",1,0,0
"Asia C",1,0,0
"Szat M",1,0,0
"Tunezejcz...",1,0,0
"buzuntolkmicko",1,0,0
"dylannever",156,119,110
"baranek12...",18,15,2
"Agnieszka...",8,0,3
"45anetap",21,19,4
"martamard...",46,18,15
"Bodzia W",1,0,0
"eljacol",3,0,0
"izabela_r...",5,0,0
"Bartomie...",1,0,0
"Marta G",1,0,0
"Krolik81",1,0,0
"Marcinpol...",1,0,0
"Bartek Z",14,14,4
"Kasia Z",1,0,0
"Tatiana_G...",4,0,3
"qrt0",1,0,0
"MariuszLu...",1,0,2
"kasela123",1,0,1
"Lola_9090",1,0,0
"Ania M",43,16,15
"Daniel K",1,0,2
"WalterMHalifaxUK",136,87,64
"Hege S",12,10,4
"Mark I",16,10,3
"Alias_Me2406",2,0,1
"Stine V",1,0,0
"mblomb",88,7,11
"nanotesi",11,6,7
"svharkes",325,153,195
"Jan Erik P",3,3,0
"Alice P",68,39,20
"Marius S",8,6,3
"avsm",319,152,203
"PeteA74",12,3,8
"JeLundgren",308,144,237
"Reserskan",9,4,1
"kantzupy",1,0,1
"URLikirin...",15,7,7
"Stena O",1,0,0
"paweldoma...",1,0,0
"Marioviag...",379,169,262
"Anne_Mari...",9,3,0
"ukasz O",62,54,14
"Fabrizio...",25,21,4
"Qubis",47,14,25
"Sailor009",3,0,1
"Karol P",1,0,0
"Maria P",3,3,1
"Wlodzimie...",2,0,3
"Jolanta K",1,0,1
"aleksande...",10,7,3
"lhotse198...",1,0,1
"Renata B",1,0,2
"MSC809",11,8,7
"kamilosky",1,0,0
"Jarood",1,0,0
"nawra2911",12,7,6
"Katharina...",2,0,0
"Olegkd",141,85,82
"PEPcph",78,60,127
"yreal",6,0,1
"Y0rochelle",19,15,6
"bhhandel",45,13,35
"Benedikt B",1,0,0
"Laura N",15,0,16
"Shanie D",23,3,24
"sjshrews",40,15,33
"Alexandra J",11,11,0
"ddude",36,26,20
"Carlos M",1,0,0
"Vegard G",6,3,3
"yvonnee1968",24,13,30
"HanneMuff",10,7,0
"Line H",1,0,0
"Deejayhypno",3,0,0
"Polymath61",7,3,5
"Sharon F",23,11,3
"angicarson",8,3,6
"HKimi",2,0,1
"Andy H",7,5,3
"JohnnyViburnum",7,4,1
"villekee",1,0,0
"GREAT_REVIEWS_EIRE",32,23,17
"Foxinnsocks",11,5,0
"Tron O",29,19,18
"Marek F",1,0,0
"Przemyslaw O",12,7,1
"Sandralesund_Norge",5,5,2
"Giu1644",5,3,0
"outofspace_pl",27,13,3
"Dmitry G",10,7,6
"Jakub K",11,6,2
"MaCharAm",52,38,12
"Iryna G",17,14,5
"Amy B",33,25,17
"Timo K",9,6,1
"Rui C",9,3,1
"Justyna K",2,0,1
"Marcin85",5,3,9
"Claire D",10,5,4
"GeirPaaEg",108,53,77
"Alex70",36,12,29
"RhysBev",48,36,48
"oss2_12",17,9,8
"Marcin S",18,14,10
"Michael_Zh85",21,13,6
"Adam M",24,10,12
"Grzegorz_Dymon",3,0,2
"dru989",135,67,41
"Rob M",13,5,11
"Dawn F",8,0,4
"Larry S",2,0,0
"UKTraveller85",20,4,19
"NikM74",6,4,3
"Aleks U",12,11,14
"John D",25,16,24
"Steinar E",28,17,12
"Kenneth S",2,0,0
"stex22",1,0,0
"Dazzle40",5,0,9
"offtoOzsoon",1,0,0
"Niki V",2,0,0
"Steve S",28,21,31
"Johan E",13,8,5
"StavangerKris",23,10,19
"howmuchfurtherisit",47,40,27
"84daz",16,11,10
"Anna J",21,4,14
"MartinLV",119,45,41
"Dimitry O",148,73,86
"alojzy",20,12,34
"Arn62",90,60,56
"Gunnhild A",10,6,3
"sarah j",19,18,18
"Thomas B",10,8,18
"branca90",102,36,46
"Thomas P",3,0,3
"petterpitlepytt",43,17,15
"David P",3,0,1
"Kevin C",52,26,32
"Andreas_Fl_HH",5,3,2
"sebge2",10,8,3
"Victor P",25,7,8
"Batuhan G",30,19,10
"S-gronvold",6,4,2
"Rob N",112,102,67
"Mitchell H",24,22,8
"Christian C",1,0,0
"Constantine M",5,0,2
"Ola K",2,0,0
"Conan85",9,3,20
"melbarUk",13,3,5
"Maya_K25",22,8,18
"AJCG",667,353,374
"evelyn k",8,0,3
"Mscaptcat",3,0,0
"Norwegian_visit",12,9,10
"muhkuh77",103,47,46
"JohnandKathyR",62,14,29
"Jerome A",120,60,81
"Gmichael315",58,18,40
"BandKath",54,36,43
"Kym B",7,4,1
"Ian G",55,25,41
"AdrianAbram",81,27,24
"Alekos84",5,3,0
"Kokosowo",101,27,37
"HerrPeril",9,5,2
"colche",57,45,28
"Thomas M",1,0,0
"Peter M",1,0,0
"Izzy P",3,0,3
"Omartin78_Bergen",12,10,10
"airedale_travellers",98,31,104
"Joannalovespizza",13,13,3
"SylwiaLas",9,7,5
"mousepig",8,4,5
"chopper7",41,22,7
"Gibboo80",1,0,0
"Brit_Abroad13",34,18,8
"Dagyar",25,3,25
"FrostyNorwich",7,3,2
"unkindest",4,4,11
"ESparko",14,12,8
"grahamfin",65,40,24
"Sniplet",112,55,38
"redhenry",110,54,84
"Llew22",16,6,6
"Tim M",112,50,68
"sl1011",4,4,3
"captaind172",40,19,18
"Lorentzen",51,40,16
"VegasPokey",52,30,26
"Hanna D",4,0,0
"Ralf  L",3,0,0
"jmscarnei...",1,0,0
"Mirek W",3,3,0
"Halterner...",88,25,40
"Sorumsand",15,6,14
"Yacheslav...",2,0,1
"Polina S",13,5,3
"Monika L",10,9,0
"alejandro...",23,17,12
"J0stein",44,14,6
"LeoRocca",69,39,17
"Danuta S",2,0,1
"patkupatk...",1,0,0
"Myriam A",5,0,1
"Daniele18...",135,74,127
"Lasse R",86,61,14
"Bla B",8,7,1
"Kuba P",2,0,1
"ChrisWaus...",1,0,0
"Wika2046",21,21,1
"Paluch P",3,3,0
"Micha P",5,5,1
"Michal S",9,9,0
"senseless...",29,14,4
"Dagmar B",8,4,0
"Jarle H",2,0,0
"Heidi_tur...",9,6,2
"Andreas R",7,0,6
"Susanne K",1,0,0
"nico218",41,37,25
"nikasi",48,40,25
"Joanna K",10,9,8
"pawellato...",2,0,0
"Urszula W",3,3,5
"Dag R",3,3,0
"Kristoffe...",6,0,1
"Aina F",10,7,4
"Marco C",6,4,4
"TrineIS",30,10,12
"PawelMetD",21,6,14
"Kjetil S",8,6,4
"Sari H",7,4,3
"olawr",33,22,4
"emerin",4,3,2
"Ania T",5,0,2
"Tomasz Z",2,0,1
"KluKrakow",3,0,1
"Kamil K",8,6,5
"Jlodz",26,5,27
"Cornelia...",11,8,0
"Maciek R",13,10,8
"Andrzej K",5,5,1
"Marvin S",4,3,0
"Wojtek K",16,14,2
"Agnieszka...",6,5,2
"Billy N",65,40,15
"Martin L",21,13,7
"Filippo B",9,6,5
"Adam B",2,0,1
"Artur N",1,0,1
"Grzegorz...",6,3,2
"Przemysla...",1,0,0
"riccardo9...",19,4,1
"Dennis R",26,17,18
"MSfoodie8...",5,5,1
"Siri Linn...",9,6,4
"Leif J",1,0,0
"Charlotte...",4,4,2
"edytabm",3,0,4
"Mrozu1979",150,45,23
"royar84",3,0,1
"meld-dich...",26,19,9
"Dmitry S",3,0,4
"Masamaini...",7,0,2
"Mariana B",6,0,0
"abtbStock...",40,20,12
"Elisabeth...",7,4,2
"Flycoupel",6,6,0
"sloveri",28,8,4
"Inda K",1,0,0
"hajjal",12,8,12
"MAJA M",4,0,2
"Paulina B",5,5,1
"Stanisaw...",15,7,13
"MARTINEX4",27,27,16
"Anastasia...",32,16,6
"Burger_ru...",4,0,0
"Krzysztof...",5,4,0
"Milan S",4,0,1
"martynar2...",7,6,3
"Owsian",38,34,14
"Chris C",4,3,10
"Krzysiek...",1,0,1
"TimMosby",1,0,0
"Julia A",5,5,7
"Nadine B",32,9,10
"Felix J",302,111,282
"Stefaniao...",10,9,10
"Rafa B",1,0,0
"Sven N",5,4,1
"Cristian...",3,3,1
"AleCleofe",21,18,17
"MARCOVALE...",19,16,5
"Andrea s",8,8,1
"Piotr R",1,0,0
"Piotr X",1,0,1
"Dukege",120,87,29
"Xian81",4,4,1
"Kristin R",7,6,5
"Eddajans",1,0,0
"Steffek L",6,4,1
"Grzegorz...",2,0,1
"IngerMykl...",22,12,16
"nicolina2...",8,7,2
"Piotr M",1,0,0
"smkosz",1,0,1
"Alicja Z",17,16,12
"Aasjord",10,8,5
"adamst6",9,6,12
"Johnny L",8,7,4
"hildeskov...",85,46,18
"Per-Aage",29,12,45
"St_phanie...",35,23,21
"Yannick S",6,0,2
"Weephouse...",2,0,3
"Daniel J",3,0,5
"SteffieBD...",1,0,0
"Elin B",9,8,2
"Piotr K",12,12,7
"Christina...",8,5,3
"Raffaele A",33,22,28
"Pawe K",2,0,0
"Andersoen",4,4,0
"Paul J",139,45,55
"Aga C",23,9,7
"Maykello",51,27,6
"SN K",4,4,0
"Rafa S",2,0,0
"Ian A",26,12,8
"Ewelina_Lena",54,32,27
"michmarta",48,27,29
"John T",12,5,3
"missdiver",23,13,26
"datlanger",7,4,7
"danutka111",3,0,2
"Retzenzent",74,44,34
"ZuZuWa",62,37,6
"HappyGallavanter",3,0,2
"Ekaterina W",30,21,4
"Line D",10,9,1
"BeateDonegalTown",27,20,19
"Kasia S",6,3,3
"Agnes S",38,19,31
"martikstv",5,3,1
"Ciurka",73,25,21
"flukkytom",13,0,4
"Kasia S",29,17,24
"Petra A",6,3,2
"Marta W",28,6,24
"ViolaM62",14,9,1
"kaledonia...",6,3,0
"Basti_war...",14,11,0
"Viajeros...",30,12,2
"MiraMira6...",1,0,0
"Elmira23",66,36,11
"Przemek P",7,4,3
"bmvoyager",1,0,0
"Lukasz B",2,0,0
"Damian Ma...",28,14,2
"Izabela B",22,9,5
"mbbober",62,26,33
"philippe...",10,9,2
"Noe M",10,8,1
"Panna_Koz...",1,0,0
"Grzesiek...",3,0,0
"KacperJCQ",3,3,0
"Jolanta N",57,46,17
"nmfel",11,6,6
"Emilia W",23,4,13
"BearFC",26,12,5
"Seba K",15,14,4
"Tomaszek1",2,0,1
"zankakom",9,6,3
"Maria P",5,5,1
"alasien",5,5,2
"Edyta G",18,12,6
"Tangerine...",7,6,0
"Alexander...",22,11,8
"Jakub W",5,5,2
"GabraF",2,0,1
"mimimi_20...",9,6,2
"valiks2",278,111,65
"WojtekTT",52,30,7
"Andrzej R",41,22,19
"EdewechtK...",45,18,14
"Andreas_F...",5,3,2
"Karol W",3,0,2
"tupolev_m...",42,21,12
"Snjeza101...",57,21,4
"halina_hy...",59,17,26
"KasiaG197...",23,7,8
"Svein S",25,10,6
"Karolina...",3,3,3
"Darek L",27,11,5
"Patryk D",6,4,9
"Stefan N",3,3,4
"Agnieszka...",40,36,42
"magzy63",3,3,0
"Anna_Shm",4,3,2
"OsmarVald...",4,0,3
"Lord_Dehf",77,8,23
"Monika G",24,4,13
"Adamo G",14,14,0
"mario_s19...",85,60,22
"MarieStacey",15,10,6
"MaggieSychta",30,16,16
"irenkagermany",46,5,68
"TomekJD",37,23,6
"freakmathers",18,3,22
"epurella",12,3,2
"Arnold M",19,5,8
"MagaGatz",9,6,0
"Micha M",14,9,16
"Vio177",27,14,2
"191pola",6,6,12
"Natalia O",4,3,0
"vermilion...",2,0,0
"sadooo86",1,0,1
"Jarek P",41,23,16
"mikszo",11,10,0
"Piotr M",5,5,4
"Jerzy K",45,39,16
"mokwik",9,0,4
"katarzyna...",14,10,10
"Ola W",12,11,6
"Benedikt B",9,8,2
"culichia",2,0,0
"MarcelOslo",44,15,22
"iwona11660",18,11,2
"Marco Manuel B",3,3,0
"Miikka H",19,10,3
"Beata_B",13,7,1
"francimate",17,17,10
"Andrew S",31,15,13
"FELIXTSANG",92,30,15
"HannaGolinska",4,4,0
"Sami P",11,5,3
"gatorboyOrlando_FL",266,109,169
"Terryball",37,9,14
"Jmazew",22,6,12
"BobBK9",35,26,11
"Tomasz_Warsaw",63,27,41
"DonVito1",3,0,1
"Mulinio",3,3,0
"Iveta B",4,0,1
"CarlosBas",2,0,0
"OliAga",21,15,15
"Inthebook",20,5,17
"A N",117,69,65
"T0urist7",161,47,85
"KincsZoltan",179,46,196
"hesy",90,42,51
"magducha79",8,0,6
"AdrianDamian",48,20,29
"Shep_The_Captain",21,7,8
"KKSierra",16,6,13
"Stefdida",61,60,13
"Kuba K",11,5,0
"Przemek G",93,50,48
"Timppa321",20,9,7
"Paulie_70",24,9,17
"Idan81",8,3,4
"Chokk",511,272,188
"P R",37,24,21
"fennomaani",7,5,4
"Jolita J",2,0,0
"Ligia F",23,6,10
"ruda_ms",58,44,18
"XCrun12345",90,40,39
"Marcy626",60,29,56
"jpolayes",50,25,22
"AbeTs",73,57,37
"Travellernorway59",4,0,0
"treyatkins",7,5,5
"CodeBoy_2014",1,0,0
"twopedals",17,9,5
"cherryplumUk",69,35,46
"tonyhopper",13,3,14
"aaaa2709",17,5,24
"Rich8488",1,0,0
"shorttriptraveller",84,29,51
"Clive J",44,22,38
"skifast06",6,0,28
"Piotrul",453,118,142
"Shebbas",110,61,36
"Where_II",103,40,48
"DavidP59",67,36,36
"Poli_81",13,7,5
"Reijo S",12,11,2
"Adrienn3",35,18,13
"K260581",47,24,16
"lufa",96,48,94
"Jim T",33,9,14
"North99",5,3,2
"Singababe",31,0,19
"Grregg_S",75,28,52
"AnnP55",29,18,21
"MandJNottingham",113,67,63
"Acke E",1,0,0
"bergenmann",72,41,31
"Amigoucieka",81,38,63
"mkks1",51,24,57
"andorsworld",181,72,67
"sp_tripfan",25,13,17
"xandrator",107,51,72
"Vald78",32,10,40
"Ooloncha",19,14,9
"Elizabeth_H_1972",11,11,6
"mrbernz",12,6,5
"GisleBjo",19,6,6
"John B",1,0,0
"Eric S",3,0,0
"Bartos999",70,28,29
"Stiini",25,7,28
"pol81",59,51,36
"Laser8London",140,64,62
"M0nika1",10,0,6
"TravelSneak",141,43,158
"FlyverFrb",6,6,1
"jKrakow",70,47,40
"Premolicious",52,18,46
"Magorzata B",478,280,260
"KA_and_MA",33,13,34
"Wishnia",6,6,5
"Dylan O",6,5,7
"Wojtek S",45,21,43
"PBushell",69,35,36
"lorisama",33,33,5
"freqtravmuc",118,11,134
"sketo79",16,11,11
"Joanna S",33,11,19
"harmonie",218,128,159
"Random19845",16,6,28
"Artic_surfer",4,0,3
"novakc",94,49,58
"Sissel N",6,0,0
"Witsawagorn",53,28,58
"bagg10",151,82,59
"Anna_France-Poland",16,9,8
"ViktoriaKD",8,3,5
"laserkid",648,357,390
"geeteeski",274,145,160
"jkaetzler",11,3,13
"ketepasa",61,40,29
"2BReisen",45,22,29
"Gwyneth006_8",168,100,100
"PukkaSahib",112,72,103
"Edward T",102,19,101
"MiaG",146,80,282
"travelingbarb2-2",204,90,147
"JPSaltee",10,7,20
"Marek17",15,7,24
"Hikari_PL",9,5,2
"EirikandNoelia",12,4,16
"Garzagul",240,154,101
"R0ggs",2,0,14
"Em_cupcake",15,9,27
"worldecho",80,48,94
"Tom_Slick_001",95,50,41
"sgud",75,40,31
"Maciek  B",3,0,0
"21MagdaLe...",1,0,0
"",5,3,1
"Radosaw...",2,0,1
"Vittorio...",50,27,12
"Irene J",3,3,1
"Katarzyna...",4,3,1
"Norbert N",5,5,3
"Fabio C",27,25,15
"BrewTOUR1",11,8,3
"NataliaNa...",32,5,34
"Torill An...",33,20,20
"Dieter K",46,18,35
"Mariana F",1,0,0
"Agnieszka...",2,0,0
"MilleLisa",103,36,34
"yo f",2,0,0
"ZuZhanna",34,25,21
"gkbs",9,8,11
"Oriana D",5,3,1
"Patrick K",72,47,67
"Viquita",5,4,2
"giulia p",2,0,0
"Magdalena...",25,16,19
"Norbert19...",42,19,68
"Alessandr...",167,101,340
"marcopolo...",52,21,19
"Giojus",32,30,6
"Gianluca...",5,5,1
"reisender...",114,77,65
"Sergio O",21,7,2
"Dreszcz",7,3,3
"Karin L",17,7,3
"W_SZCZ",6,5,2
"Finn O",9,9,2
"Barbara_D...",101,69,37
"Malraux",301,54,160
"Tobias b",40,23,6
"Vyachesla...",2,0,0
"jesz_szwe...",1,0,4
"Phil_Mary...",30,18,15
"Brynhild...",16,4,3
"Jutta B",183,92,35
"96momo",14,0,4
"Krzysztof...",24,10,10
"Artsartur",48,28,14
"robertofa...",187,98,136
"Anna S",10,7,5
"EvaLHorte...",31,13,7
"NorbertN...",9,9,6
"Konrad O",7,4,2
"Anna O",2,0,4
"Antoine B",3,0,2
"Szymon S",13,0,2
"Thomas150...",20,17,8
"Felipe R",10,5,2
"Rafa  S",4,4,1
"Bartcort",18,14,15
"Per K",2,0,2
"Przemek S",63,23,45
"Carsten L",12,7,2
"FelixStei...",63,45,20
"Katarzyna...",174,86,85
"Yulia S",2,0,0
"OFFens",26,14,9
"Long L",1,0,0
"ReneFFM",155,85,80
"Benny J",23,17,6
"Nikky1",403,223,143
"Wojtek369...",56,26,13
"AdwokatZ",85,22,32
"Iwona W",27,12,21
"Michal Z",17,6,9
"Eva S",1,0,0
"24890",81,34,56
"Merete L",9,4,8
"Pavel L",172,124,45
"Willy F",19,7,10
"Anemon200...",151,65,73
"Christian...",41,22,47
"Auko",1,0,0
"drstevie...",24,24,14
"Dariusz M",5,5,3
"ulrich k",15,12,2
"Courtmang...",64,31,25
"Marta S",17,7,1
"MonikaGda...",11,7,0
"kristian4...",35,19,5
"ArtiRah",17,16,23
"marcin g",151,63,60
"Massimo P",5,4,1
"GerhardLi...",81,34,64
"marek p",23,12,43
"MartaKucz...",2,0,2
"franca040",91,34,26
"Ursus123",39,16,8
"Malgorzat...",24,8,7
"Wolf i",12,0,7
"OlegPe",67,44,25
"Goril-sv",20,15,6
"sapa656",67,51,123
"Bernard B",18,14,8
"macgarinh...",1,0,0
"Wojtek N",17,16,2
"Zouzou26",23,12,21
"444oxana",1,0,1
"Florence...",46,17,19
"B777Romag...",145,79,56
"IzabelaK",16,5,22
"",21,6,7
"Ronald W",24,6,10
"ViennaLVa...",80,30,51
"Silje H",27,18,13
"Reme C",32,14,17
"Lucy T",2,0,1
"Arczibald...",3,3,3
"K_Yakovle...",7,7,14
"viaggio51",111,76,89
"Riccardo1...",202,146,61
"garax",79,28,103
"Marcin Z",15,9,12
"Qulcia",36,8,36
"Havard P",4,3,0
"Soracte",491,257,256
"Udo P",35,15,33
"KonradLef...",4,4,1
"Michael-M...",13,5,11
"Randi79",6,4,0
"Toscana20...",53,50,47
"DOra6_6_1...",59,12,35
"Tommaso B",27,21,26
"Viaggiare...",89,59,54
"Andreachi...",3,0,1
"pawel w",1,0,1
"neuro54",19,8,9
"krzysztof...",7,0,4
"Ramino953",23,11,7
"Javierhot",50,33,20
"Fabbietto...",58,33,41
"andyven",244,145,141
"AnnaBG123",7,4,6
"doktordod",63,32,39
"Alexandra...",1,0,0
"20-Jan",118,51,52
"Radek Z",68,29,90
"Bredo47",13,9,9
"Marguerit...",38,32,13
"MatteoBia...",18,8,8
"wykjx",24,16,9
"clagiovy",31,24,15
"helt1",69,34,45
"voyager02...",157,36,80
"ayutthaya...",164,39,66
"Berntc",2,0,5
"Moselgour...",24,13,25
"lenchen06",148,63,46
"luckb",32,20,18
"krustikas",87,25,60
"intrepid...",107,27,77
"Andy_Jodel",2,0,0
"Pioter_A",7,3,2
"Wojciech...",3,3,0
"FUJIWARA...",1,0,1
"kneg1972",1,0,2
"Dzoanagda",1,0,0
"Geralt P",1,0,0
"dj_Wikta",4,4,1
"ankakubus",1,0,0
"zsmykowsk...",1,0,0
"Denis T",25,14,14
"MoabA1",1,0,0
"barnabar5...",1,0,0
"Grzegorz...",1,0,0
"Barteck V",4,4,1
"Mario790",29,12,8
"Jody O",1,0,0
"Sara N",1,0,0
"Ania H",69,24,28
"Dag1973",3,0,1
"Alex M",10,8,7
"JQHANNES1",18,15,3
"xashleylouisex",1,0,2
"StellaMoss",6,4,0
"Mona L",8,7,4
"Roald G",2,0,0
"Habiba23",3,0,2
"Cez W",1,0,0
"Trygve W",8,7,7
"AdventureExplorer",66,18,41
"Barb_J_V",7,3,4
"mlinh",28,10,43
"KKSwiss",5,5,2
"Martyna S",9,7,15
"Minttuinen",26,7,16
"Ellion2010",46,25,24
"Pavel407",47,28,28
"Klaudiusz...",64,22,6
"Harsko",62,19,13
"Giampiero...",2,0,0
"",18,10,1
"edwlun",4,4,0
"lukasz l",1,0,0
"Geoig G",1,0,0
"Marco C",19,14,5
"Bartomie...",10,6,5
"ankaskaka...",8,7,1
"Danielava...",6,3,2
"EDYTA123",45,13,86
"ukasz M",30,16,15
"Franmor",21,10,6
"Pawe Z",26,25,11
"titano_19...",9,6,6
"Milos V",45,18,9
"edytaaa20...",3,3,0
"Darek G",2,0,0
"K_Qunka",3,0,0
"Francesco...",3,3,2
"Paulowicz...",3,0,1
"MartasTra...",2,0,0
"KamilKite",3,0,3
"274725Krz...",32,20,18
"jorgen_lo...",4,3,1
"Aneta T",1,0,0
"agakonkol",6,3,5
"Krzysiek...",2,0,4
"Igor R",4,0,3
"Torfinn77",7,3,2
"The_Dude_1971",33,19,4
"Nora B",6,4,1
"Kyrre73",27,17,1
"kaagre",33,9,9
"Ingermerete49",5,5,0
"Jon N",1,0,0
"Jonathan M",12,8,1
"Chan H",12,6,6
"2013AARP",13,4,2
"Duncan M",55,15,19
"jelle_caroline",61,32,14
"renateeik",19,9,5
"Thor U",4,0,1
"Timo K",5,4,0
"Jolanta1954",2,0,1
"debbieconsett",52,30,7
"Grahame R",31,12,25
"Birgitte L",11,10,0
"Luis T",12,5,6
"Miusen88",10,7,2
"OlekMali",18,15,2
"andersl687",133,70,25
"bsbwife",16,3,10
"OrjanLavik",34,17,9
"Hanna D",31,28,21
"Haifa A",20,13,8
"Stefan B",3,0,1
"Nathalie E",6,3,1
"Satu V",2,0,0
"Maguder D",150,41,113
"Joakim E",2,0,2
"Sara G",2,0,0
"mkhki",21,12,5
"Pal",1,0,0
"Havard K",3,0,1
"nsacky",133,96,46
"Sophie T",3,3,0
"LukHel",38,25,25
"Jesper W",5,3,0
"Mindfit T",7,6,4
"Stistens",29,10,10
"misterig",230,116,202
"idamaris",7,5,3
"alan s",6,3,1
"SESNoVA",133,74,51
"Jasper20",121,39,80
"Jerry M",82,37,23
"Rav V",8,3,11
"Bjrn K",14,14,5
"VidarNilsen",146,60,39
"MargosiaPL",17,3,18
"Cistern64",12,11,2
"Sophie M",1,0,0
"Werner J",15,12,2
"mark b",8,6,0
"Jesse T",3,3,1
"Ziljah",10,7,2
"Nikodem W",1,0,6
"Susan J",20,10,4
"Eirik A",23,14,13
"Marita R",7,3,3
"Berit57",85,38,42
"Autofilo",21,15,7
"tiaNorway",94,49,46
"May Hilde F",5,3,1
"MaidenOfMoons",15,5,14
"Gwen_BE",143,58,51
"Robert R",18,10,4
"YorkieYorks",7,0,8
"Jim K",12,7,4
"Sarah L",24,13,10
"Ruy R",11,8,5
"eivind p",11,10,13
"Lillian P",3,0,0
"mejamor",19,6,21
"Ruttet",4,3,4
"S_PWilmington_Kent",28,7,19
"Coops7777",4,0,0
"MrMark87",5,3,1
"BjornInge_1978",13,4,4
"Torbjrn L",8,4,3
"BethanyLincs",25,14,11
"Sartsa72",8,7,2
"Jon R",58,13,17
"Stephanie Y",20,7,8
"Cathy W",61,19,41
"Cindy B",3,0,2
"Heidi Christine O",19,16,4
"Vsevolod",11,5,7
"helbili",20,8,7
"geoffreyg743",14,6,9
"AgniesL",3,0,0
"Toni_Br",18,7,7
"AnaDeNoruega",41,6,30
"bonehead4",57,25,16
"Leon043",141,70,247
"19291982 .",1,0,1
"wujek102",1,0,0
"grzeraf",1,0,0
"MissLid",83,40,56
"Skhyperion",25,7,34
"Rick049",418,175,435
"Spanneredmonkey",11,9,5
"Norwaycouple222",34,9,16
"THEAPPRENTICELONDON",118,50,59
"Stian E",4,4,1
"CarolWestSussex",213,86,88
"Roffee",34,10,21
"Lydia W",15,5,14
"rdolsen",5,4,0
"Stephen C",83,51,45
"ClaraG83",28,19,13
"Eric R",49,29,33
"ze_german_2002",37,18,13
"Norway5050",59,29,22
"EileenD3",7,6,5
"praguevisit",9,3,9
"keithrevenge",157,96,294
"Duncountin",47,17,35
"Ndowsi",33,15,30
"Jatta S",2,0,2
"flinxUK",50,8,53
"helstravels",348,140,221
"dancinggoats",123,73,52
"Ray O",23,6,26
"Olga S",14,12,7
"isoniko",6,3,0
"Adrian H",118,38,57
"PaulHell",118,66,41
"TheLocalLeader",8,4,5
"AndrewM4UK",32,25,14
"gbellDX",87,54,47
"Jhensh21",5,3,6
"Kjellhoiseth",5,4,1
"Anne R",26,18,24
"olanda o",1,0,0
"Vibekeee",44,25,22
"Stein H",28,15,33
"Laggeman",51,19,24
"Rita P",61,33,40
"kuokkalaman",6,4,3
"LIwIX",1,0,0
"Luba49",11,5,1
"uveym",9,0,2
"Highlander188",13,6,5
"Lois B",59,30,25
"Ellviss2",14,8,1
"polenturist",14,7,6
"Sharls",17,0,6
"Tabby42",18,11,9
"millacilla",29,9,21
"JanBa",37,18,49
"Paul S",297,142,203
"Kalasers",16,13,1
"fantasticv0yage",148,76,141
"powerrose",35,12,57
"V111CJN",10,6,6
"Moonlighter88",138,98,80
"jkgort",28,17,14
"Cian K",4,3,7
"walhaul",4,3,0
"natoshka",4,3,0
"denise c",8,0,6
"TVTravelerHaugesund",30,10,12
"knutmosk",110,73,67
"ChrisPach",7,6,7
"benaboo",30,8,13
"43Becko",109,31,77
"ajd87",29,10,22
"SiriSandnes_Norway",26,9,19
"kajo189868",69,28,50
"Pidge83",28,10,25
"camasgirl1",12,6,8
"tom p",22,14,13
"xteen",21,3,29
"tmsglc",125,61,56
"Robin R",244,75,210
"SherburnLil",71,16,38
"Asterix66",23,9,8
"LindbergLimhamn",84,35,36
"jo-dr",116,58,92
"Ales R",27,0,7
"Linda B",14,9,9
"harza",35,7,23
"Ivan A",63,39,11
"Esther Ma...",19,13,5
"Travel_20...",16,8,20
"186rasmus...",3,0,0
"434aghad",32,15,8
"Irene785",23,10,6
"Jan L",2,0,0
"Svends99",4,3,0
"Roger N",3,0,0
"Florian18...",14,4,3
"AndGla",10,3,4
"Jorunn R",46,21,4
"JanogInge...",5,0,1
"Lickitle",6,4,1
"Elisabet...",1,0,0
"Ewa K",7,3,8
"Inger N",7,3,0
"Per O",3,0,1
"Michiel Q",30,7,2
"DDM66",59,29,4
"Grye2013",10,5,3
"Oslomanne...",4,0,0
"Trine F",1,0,0
"Hotlegs45",11,7,1
"Linda M",2,0,0
"GretheHor...",7,4,8
"TIH766",10,3,3
"and w",10,10,0
"marek1961",5,0,1
"cinzia_ex...",279,137,108
"cynthia76",73,46,48
"IngerAnit...",5,3,0
"Hege E",2,0,0
"hpdousma",4,4,2
"MonicaEir...",2,0,1
"Angelica...",19,7,20
"Natalia K",2,0,0
"MagneFalk",4,0,2
"abbaV_ste...",9,3,2
"Roy P",10,4,7
"Kim F",2,0,2
"Kuba G",9,9,4
"Alpenbitt...",41,24,26
"Jenny N",2,0,0
"SveinOtto",4,0,0
"Silje A",13,10,6
"Monica L",5,4,2
"Sommer-Ur...",1,0,2
"",3,0,0
"ArildOgAn...",13,9,5
"TorgnyW",37,20,19
"Anastasia...",8,4,11
"Tomasz K",1,0,0
"Nina B",5,0,1
"Leif Henr...",21,19,7
"Stephan B",140,93,59
"Petter729",30,13,3
"Tina Kris...",10,7,1
"c-horse_n...",38,8,27
"ElluJ",41,20,12
"Ketil J",17,10,12
"Stian S",2,0,0
"600Beth",6,5,0
"Solveigeg...",2,0,0
"anMart0n",30,19,3
"marimarif...",5,5,3
"vebsja",10,6,12
"mortyblac...",7,5,0
"Lars Gunn...",1,0,0
"Kine L",10,8,1
"180Lola",2,0,1
"Kristina...",3,3,11
"Heidithef...",1,0,0
"sveinerik...",3,0,0
"GerdundTi...",14,3,1
"Bjarne W",17,11,12
"KnutP2",6,0,2
"Jerzy S",75,34,62
"treklang",53,40,12
"Hans-Joac...",20,13,11
"Karianne5...",6,0,8
"Marek R",6,0,1
"Churrys15",5,4,4
"Elling S",10,6,0
"Dom Jaime...",13,4,1
"AlexDHG",28,9,4
"Sylvia P",7,4,0
"Docent195...",23,7,6
"Morten U",110,78,27
"Monica M",6,5,1
"Bjrn U",1,0,0
"Beata S",3,3,0
"Pappinho",52,36,3
"Jan F",5,0,0
"Roelie357",27,4,2
"nerix",117,82,46
"lucaheat",585,235,131
"Aida A",2,0,0
"Skuffet_1...",19,4,7
"Saga W",46,13,17
"Carrr",7,6,4
"Emilia K",1,0,0
"Rudy B",4,3,0
"Svein Tor...",4,0,0
"Mona L",5,0,0
"Fetiny",10,5,9
"gunsteins...",2,0,2
"",236,162,61
"Galina S",5,5,1
"Dominik M",11,7,5
"Fredrik D",2,0,0
"willtelly...",31,17,10
"Ann L",15,7,10
"Jakob N",8,5,2
"Bjrnar H",29,10,22
"Siri70",6,3,0
"62JPJ",61,36,22
"Jon Morte...",171,99,21
"Stig Rau...",7,5,1
"Mieke S",15,8,2
"AnjaJ74",3,0,1
"Merete R",4,4,1
"Svenno89",1,0,0
"Morten R",17,12,7
"Stig S",1,0,2
"frekar",4,0,3
"tl5Trondh...",26,14,20
"NinaSaki",76,47,18
"HannesK24...",24,6,12
"Eleonora...",16,11,4
"MerDag",57,30,19
"Johan G",23,11,3
"Julie V",4,3,0
"agatkaP85",30,11,13
"Nik N",11,0,6
"Dan L",2,0,0
"Marta D",1,0,0
"DerekZ_10",2,0,1
"",4,4,0
"Kari S",124,89,25
"Christer...",2,0,0
"Grete74",11,8,5
"Einar S",5,5,1
"Ewa L",3,0,3
"Jan M",19,13,1
"Austrian_Traveller10",47,28,27
"0SL0",7,5,7
"siirin2014",6,3,0
"gosiasia",85,55,30
"818larsb",5,4,1
"RonjaBjor",4,0,1
"MarcinDrP",84,46,34
"Glynnhouse",31,5,16
"Girl_in_Warsaw",4,4,1
"Maciej K",4,4,2
"Young_Andy",15,5,68
"donphilipo",42,17,29
"AndisMoss",31,8,19
"EAnnikaR",8,5,9
"melieann",13,9,15
"birgittaqf",26,16,6
"Barbara R",1,0,0
"JHHNeander",24,9,11
"briard1",24,14,11
"Annewaswatt",13,6,9
"Krummhorn",9,5,8
"Ian M",3,0,11
"AH1954",44,40,34
"Anne15",40,16,30
"CRAIG_BRI",2,0,0
"Ed C",19,11,11
"Lady9147",12,5,11
"haddajoh",7,0,1
"Steffenso...",1,0,0
"Sebastian...",10,0,3
"Ewelina P",1,0,0
"Ptysia9",1,0,0
"Daria G",2,0,1
"Damian G",6,6,4
"empireq",6,5,4
"tranquy",37,20,27
"Nina G",6,0,3
"klakiercz...",2,0,1
"luki501",11,11,1
"Spudnikhe...",5,0,5
"Nordlands...",13,7,2
"Paulina P",1,0,0
"Sergiusz...",2,0,1
"kicker121...",19,15,5
"niaura",1,0,0
"Maciej D",7,6,2
"anna_angr...",5,4,2
"Turystka2",34,12,10
"dylanneve...",156,119,110
"Marcin J",34,5,22
"Grazyna H",73,18,37
"Jean-Marc...",15,12,7
"Quentin J",1,0,1
"Sandra Na...",1,0,1
"Asia P",2,0,4
"Daniel B",2,0,1
"Natusvred...",10,7,9
"Maciej  W",5,0,11
"Pica33",4,3,5
"Merosss",26,19,23
"aldosda",48,21,16
"Austin W",184,125,78
"EricPDC",63,28,35
"Ania_z_Galway",26,10,4
"KatieFerg81",7,0,3
"Marjana1952",105,28,72
"TheTravellerMed",14,5,2
"Josustin",45,14,9
"Stewy70",21,10,7
"AbergavennyPaulb58",41,24,22
"Audur T",1,0,0
"Mikko L",6,4,5
"Alan D",147,104,90
"grh59",122,82,98
"Anrienne",26,17,10
"fedinapenale",24,5,17
"Roald A",61,33,58
"Hanoi595",5,3,3
"palepurple",16,11,8
"larsko",18,10,5
"mgtHants",40,22,22
"Perfec",1,0,0
"amj77",25,14,23
"alled2015",12,5,4
"crisanflo",66,44,30
"especiall...",234,61,77
"dobre ale...",1,0,0
"gornizky1...",38,3,9
"Sowa N",4,0,0
"Vito D",9,9,5
"Beata S",3,0,6
"ALEXEY_Mo...",67,59,36
"Alexey B",75,35,16
"fruzia783",22,5,21
"Damian R",60,27,14
"Ulrich P",22,4,11
"Mickael N",1,0,0
"pijang",12,3,9
"Svein A",4,3,2
"Andrrrey",261,117,86
"Daniel801...",2,0,3
"puseline",69,19,34
"victor201...",24,11,9
"Nansyss",6,3,1
"Barbara V...",13,0,15
"Bandytjej...",1,0,0
"Piotr S",3,0,0
"egros",177,64,62
"Gunnar K",15,9,7
"urbanberta",11,6,6
"billionsunsets",21,3,8
"Krisztian Ferry... K",22,12,4
"Izabela P",10,6,2
"reisegalen",4,3,1
"Kalle H",2,0,1
"ajs202",40,22,14
"Kenneth S",1,0,1
"File101",163,93,68
"minnam11",14,7,3
"jjknyc",43,24,14
"zombilly",20,16,5
"3kids2cats1spouse",5,0,3
"Kamila P",3,0,0
"MariaMaga...",2,0,0
"ArekZegar...",1,0,0
"Radosaw...",7,0,3
"Paulina S",12,12,0
"Eva E",6,6,2
"Mateusz D",5,5,0
"humptyang...",5,5,3
"akoloskov",198,88,75
"Norbert J",5,5,1
"NOREKID",2,0,0
"IgorB61",17,7,6
"ashka1",54,37,30
"nr1rolf",13,9,2
"Ela H",5,0,1
"Veronica W",2,0,0
"Ingrid F",1,0,0
"Roberto P",7,0,1
"Tennce",1,0,0
"Rune S",13,11,0
"Geri L",5,0,4
"Melissa R",1,0,0
"3Monica3B",3,0,1
"Przemysaw S",1,0,0
"Daeon",2,0,2
"therams_1884",154,33,70
"bellydancerG",42,18,14
"Stephipephi",47,16,19
"Martin P",44,21,26
"Michael H",30,20,6
"Michal G",123,52,24
"Mark W",1,0,1
"Jacqueline K",104,68,51
"lutz d",1,0,0
"Darcy Y",1,0,0
"HairyLion",52,25,21
"Adelfa C",8,4,1
"Carla M",21,17,4
"Rennil",1,0,0
"sandrat322",5,0,1
"alexnewman333",2,0,0
"KatjaPievilainen",4,0,6
"lancashireglassh0use",30,8,12
"Bozenna_BATOGOWSKA",1,0,0
"rockie2015",1,0,0
"Elton W",1,0,0
"edytadabrowska",1,0,0
"Sean R",4,3,0
"Debsbrads",29,13,30
"Richard M",5,0,2
"bentepia",3,0,2
"Rafal G",5,4,7
"Hallvard F",1,0,0
"Aman Y",1,0,1
"kjellsky",2,0,0
"Decid",19,9,10
"Kenneth V",1,0,0
"Renate F",3,0,2
"Niel A",3,0,1
"Spikbebis",14,10,3
"333kri",1,0,0
"669maja",4,4,0
"Ramin F",12,10,2
"Eskog",127,92,99
"Marek C",1,0,0
"llqool",62,16,47
"Ashild l",4,3,0
"louiseflory",1,0,0
"torilhell",4,0,0
"Lee C",48,19,15
"Johhny G",1,0,0
"sigbjoha",28,18,12
"Eilfjert",1,0,0
"soluzcwb",43,9,25
"Ted P",246,94,81
"Caroline T",1,0,0
"Dave T",17,14,0
"Steven C",4,0,6
"Micky D",1,0,0
"Tim M",1,0,0
"Carl B",5,4,0
"Anthony B",2,0,2
"Kjetil H",1,0,0
"Christian S",1,0,0
"bobcz",64,12,36
"Fortunamor",22,5,11
"SaleDamc",154,51,70
"uvarvu",81,58,35
"Elivth",16,4,16
"WeeMouse85",35,16,20
"Mark S",1,0,0
"bontemps777",1,0,0
"Livvy-bean",5,4,2
"theoldwoman",128,76,104
"Astridrh",1,0,0
"Kesialucie",1,0,0
"Chris C",15,5,8
"Anette H",13,6,3
"MagdaMarek_13",10,6,50
"Davie H",26,17,10
"Simon R",20,12,10
"Even S",1,0,0
"Traveloskar",1,0,1
"Archer196",1,0,0
"Ragnar L",1,0,0
"DonCamilloNoruega",3,0,0
"Tollefsen179",1,0,0
"Mark B",24,19,8
"Anita Hellevik M",1,0,0
"Johannes S",11,8,5
"Xoyrasmor",1,0,0
"Joshua M",56,36,20
"james h",7,3,3
"DavidZurhaar",2,0,1
"Ramin P",1,0,0
"m m",126,75,26
"Laras S",15,9,2
"Christerjonsson",4,0,0
"jonih654",2,0,1
"Ola-Thengs",1,0,0
"Conrad H",29,13,12
"CheckpointArchzie123",6,3,2
"Andrew K",1,0,1
"Kjetil B",6,5,2
"Mkamyk",1,0,0
"HerrFUDGE",55,33,27
"Alexandra Jane K",3,3,0
"aurisofia",15,10,10
"och_i",34,27,11
"IvarE35",35,18,8
"Diina L",5,0,1
"kellylu",49,20,31
"Joivha",32,18,16
"PaulFinland",55,23,19
"Milan P",6,5,2
"JanBehrmann",5,0,1
"SpiderB2",13,7,8
"Michael K",39,13,12
"Sandrine_xx",4,0,0
"Warren5",92,7,53
"PeteWils",252,171,85
"Jenny0128",5,3,3
"Lucy B",32,11,24
"Tomto147",62,19,44
"Judith C",13,8,12
"Ireneusz...",1,0,0
"Malina J",2,0,0
"Anna J",1,0,0
"Aneta95.9...",1,0,0
"Sandra C",1,0,0
"Weronika...",1,0,0
"Lena P",1,0,0
"Filip K",11,9,1
"Susanna S",1,0,0
"Zuzanna K",1,0,0
"Kenneth M",9,0,2
"Natalia P",1,0,0
"Klaudja M",1,0,0
"ArteDeiSa...",13,12,1
"Shiro T",1,0,0
"Kristin M",5,0,1
"Stian S",47,12,16
"loleha",14,6,0
"m7o",20,13,4
"Jacek R",1,0,0
"Marta W",1,0,0
"i-s-moroz...",26,7,1
"ducrocq27",94,14,20
"Tomasz S",5,4,5
"Siv E",22,9,4
"Unibert",45,22,13
"Bartek J",40,25,7
"Oscar F",1,0,0
"Kikki_178...",16,5,2
"Micha K",11,10,2
"Westgerma...",3,3,1
"Maj-Britt...",6,3,0
"Simsalabi...",219,93,69
"Petter Th...",11,7,1
"FRG47",13,8,2
"Daniel L",8,0,1
"Micha K",5,5,0
"Daniel G",1,0,0
"TobiZag",1,0,0
"Filip G",1,0,0
"Alina O",39,20,23
"per inge...",3,0,2
"Christoph...",1,0,0
"Eryk P",64,23,16
"chrispe01",17,10,2
"Marta S",4,4,0
"tonee88",9,7,2
"Martin M",5,5,3
"Weronika...",3,0,0
"Monika B",1,0,0
"",297,125,76
"Natalia K",1,0,0
"beaaata",1,0,0
"Natalia",1,0,0
"Angelika...",9,0,2
"Kuba R",1,0,0
"Monika K",5,3,2
"helene651",2,0,0
"ensamswe",3,0,0
"Hatmyr",9,4,12
"Emma S",2,0,1
"Rafa A",1,0,0
"Marta B",2,0,0
"Per Magnu...",2,0,0
"DomiLein9...",4,3,4
"Fabiocost...",9,7,3
"Reisefote...",6,4,4
"Anna M",1,0,0
"Vladislav...",2,0,0
"Marta J",1,0,0
"Mira C",3,3,0
"Raphael S",1,0,0
"Tomasz R",2,0,1
"Gro Anita...",5,0,2
"Thomas B",5,4,3
"Hege Pett...",1,0,0
"Wenche H",4,0,0
"MadridVoy...",13,7,13
"Barbara D",8,0,2
"Bartosz K",11,4,1
"Lise E",1,0,0
"Ulrika P",16,9,2
"Lagunama",13,3,3
"Sawomir...",4,0,3
"Christel...",2,0,1
"Mangersne...",1,0,0
"EdwardBi",10,4,1
"SamiK90",2,0,0
"Kamil J",1,0,1
"vszlatkin",381,246,174
"Natalia27...",20,6,6
"Ivar S",5,3,0
"Alberto C",22,10,5
"Bard A",46,29,5
"Andreas K",78,22,60
"Reisevant...",2,0,0
"Katharina...",54,13,30
"Columbusa...",122,29,101
"Jane E",2,0,0
"Upperfiel...",1,0,0
"Mania B",1,0,0
"Agata B",1,0,0
"Robert K",14,5,3
"Shoppailu...",16,5,2
"SaraSkrzy...",1,0,0
"milcia81",63,23,15
"Helliks",1,0,0
"RenateSti...",1,0,0
"Nataliaa8...",13,7,4
"Patryk M",1,0,0
"Marcin B",1,0,0
"Nina T",7,6,3
"Lasse B",155,62,28
"Kuba S",1,0,2
"Dariusz T",14,6,10
"Zuzanna95",1,0,1
"KsieznaDi...",1,0,0
"Magda K",2,0,0
"Psittacus...",2,0,2
"Jarl V",1,0,0
"Mickey_Ri...",1,0,0
"Elif E",29,7,10
"Piotr e",1,0,0
"Harmsen R",5,3,0
"Wojciech...",1,0,0
"sansaKRK",1,0,0
"jjt34gr",81,36,21
"Koszalin",8,5,2
"Jon-Even...",10,4,3
"nitek79",57,24,29
"weltentde...",18,7,3
"wypustecz...",10,6,4
"elinnygar...",7,3,1
"annkri",41,20,9
"Andrzej",3,0,2
"Nicole J",11,7,1
"MN1991",14,9,8
"Filorga C",1,0,0
"Eliot F",2,0,0
"natalia_k...",3,3,1
"martuulek...",6,0,6
"Elwirab",4,0,1
"sobol_77",3,3,0
"Ilyha007",48,8,21
"runner-oh...",828,365,379
"hey_dafna",3,0,2
"Marta_Kat...",47,35,10
"Stahlsa",82,46,17
"Harriet S",3,0,0
"Ronny S",4,3,1
"Jrn H",1,0,1
"Atle S",1,0,0
"RIYANE M",3,3,0
"George O",62,40,30
"Jerry V",1,0,0
"Vegard N",51,26,19
"Vibeke F",5,5,2
"Agusia Z",1,0,3
"Barbara B",1,0,3
"Marcin P",1,0,2
"mm_bed",1,0,3
"Katarzyna K",3,3,2
"Katinka_12",27,23,13
"Ville16",2,0,1
"irenehi",2,0,3
"Juha L",1,0,6
"Berit641",7,0,0
"Birgitte...",5,0,2
"podroznic...",38,12,8
"Ingjald20...",38,7,7
"olen61",30,14,6
"Geffi H",2,0,0
"Tonje T",3,0,0
"IngegerdL",89,45,18
"Simen S",1,0,0
"omskogen",6,0,2
"Geir K",1,0,1
"Oeygarden",1,0,1
"19Jones75",3,0,1
"Andrzej S",1,0,0
"KristianS...",1,0,1
"Graszek20...",3,3,8
"Julianna...",1,0,1
"Svein I",1,0,2
"Lotta J",1,0,4
"Groch G",1,0,4
"Micha K",1,0,2
"Robemac",2,0,2
"Pooki16",1,0,3
"Kamila W",1,0,3
"Inglev",5,4,7
"Siri V",13,10,5
"Iren P",3,0,4
"BLLID",1,0,2
"Kristine...",1,0,3
"reidun167",12,6,5
"igitravel",119,18,70
"Agata K",5,4,0
"raddddd",5,4,2
"Ayoub N",7,4,1
"EdmSos",2,0,0
"AAS619",128,40,129
"stanmanpl",35,17,15
"kasi29",15,9,2
"Sjungsled",1,0,0
"fhjelle",15,15,7
"Marta J",1,0,1
"bahor",2,0,1
"Piotr79",65,28,32
"anushkaka...",7,6,0
"Izabela M",2,0,0
"Maciej T",2,0,0
"Wioletta...",2,0,0
"BaumiMB",1,0,0
"Piotr B",3,0,1
"WojtiGdyn...",18,15,3
"Chase_Rab...",16,8,11
"Liliana20...",5,0,0
"Adrian K",37,23,13
"kasia n",1,0,1
"Dariusz J",3,3,1
"SanhausAp...",14,8,21
"Magiena",4,3,0
"Ola K",3,0,0
"Jagoda B",2,0,0
"Marta F",2,0,0
"Przemek P",2,0,1
"Wr_An",16,11,8
"Emilia F",2,0,0
"Sanna L",8,8,0
"Marta F",14,12,4
"dannygd",15,14,0
"Kamil K",2,0,1
"Anna N",4,4,3
"Andrzej C",3,3,2
"Marek M",8,7,0
"camelot72",4,4,1
"ronne2014",50,19,5
"Mia S",1,0,0
"80Mike80",8,4,6
"Tonia U",6,4,0
"Anna P",8,0,8
"Rafal Z",1,0,2
"Artur G",8,3,3
"Maja M",1,0,0
"Asia R",1,0,0
"Zofia D",12,9,2
"hristo99",180,62,128
"Damian S",3,3,6
"Damian D",4,0,1
"Asia K",1,0,0
"nnnnn426",1,0,0
"Dorota T",1,0,2
"Wojtek G",3,0,2
"TBigB01",12,10,1
"Micha B",1,0,0
"PioRef",1,0,0
"Robert B",2,0,0
"Tomasz J",14,8,14
"Heidi A",1,0,0
"J D",70,36,14
"bledi85",2,0,0
"Szyszynka...",29,27,3
"domih1",13,7,4
"Monika D",5,5,2
"Dariusz M",3,3,2
"Wioleta Z",2,0,0
"Grzegorz...",4,4,7
"Piotrek W",7,7,1
"outofspac...",27,13,3
"Kar_Nowak",20,11,3
"Tomasz B",1,0,0
"Justyna P",13,10,10
"uliczka",10,8,4
"Tim_12433",71,24,9
"Patricia A",62,23,26
"Andy C",1,0,2
"Andrzej S",3,3,4
"Piotr S",1,0,0
"Marcel V",1,0,0
"Elisa R",11,10,4
"cd14u",17,6,44
"Acquiescent",33,6,46
"Eva F",1,0,1
"Richard C",2,0,0
"foodlover1108",44,41,43
"Niklas K",1,0,0
"Dave L",7,4,3
"Daniel K",36,20,64
"adamchap",71,48,26
"heathermalloch",2,0,2
"Bill60763",46,24,28
"imadmasannat",6,4,7
"Anna A",107,51,51
"FirstCritic",6,3,4
"Katrine A",8,8,1
"Helen S",2,0,1
"Jasio",62,36,29
"HandyAndyLondon_UK",442,315,155
"Erikamolos",1,0,0
"Jakub Z",7,5,3
"mariusvh",23,9,14
"Jim H",3,3,0
"HPGB",69,54,24
"Christian S",3,3,1
"Angelica H",4,0,0
"dorota m",7,3,8
"sazmeister88",91,57,68
"larsvedoy",33,4,26
"RenataSguotti",21,12,6
"Micha M",4,4,2
"Grolhy",23,8,20
"Magdalena B",28,16,4
"Agnieszka G",1,0,1
"Lazco",4,3,4
"M-Sz-G",3,0,0
"gavin c",4,4,1
"Hella79",7,5,1
"Bardune",1,0,0
"JudithvdD",88,44,52
"Gertrood",2,0,2
"Magda W",4,3,3
"Lauri A",31,27,21
"johnedwardclarke",14,8,18
"miumik",21,6,31
"JSH1960",24,12,15
"ScottStavanger",14,8,1
"Henrik R",11,7,6
"Ana Carolina d",11,6,10
"Outi H",12,6,8
"Krzysztof H",55,37,15
"J-Period",55,29,28
"willtellya",31,17,10
"Lars B",14,11,1
"Javi F",2,0,2
"Nils R",1,0,0
"Rene B",7,0,5
"AleksanderP",8,8,3
"Ian1917",59,19,68
"Guy F",38,10,11
"grazyna k",7,0,5
"Eirik L",8,8,3
"Katarzyna_11",31,19,15
"LassiK",417,310,227
"Globetrotter1948",73,35,39
"Pam M",12,4,1
"geirska",7,5,2
"TPeder",19,12,14
"ILYA_PACH",41,8,51
"onia o",15,4,8
"Jennifer C",132,88,72
"LiliGora",25,14,14
"Fussy",146,41,279
"Henry B",54,44,24
"RobinStarUK",1,0,1
"BistraPetrova",2,0,3
"Anna_Rowley",4,3,3
"Adam J",9,0,10
"JanteBerlin",7,0,7
"BigScizzle",20,13,10
"Ivan H",2,0,5
"Jekaterina G",4,4,6
"Peter W",2,0,5
"Daniel S",1,0,1
"Eduard7679",2,0,3
"Maggie P",13,7,13
"Roman S",18,15,3
"Ewa B",11,8,1
"maserafi",1,0,0
"Casteletto",1,0,1
"guzzlinger",34,33,18
"GinaCarlos",5,5,3
"John M",4,4,10
"FilipXyz",11,10,4
"Phil R",14,8,4
"Kasia G",1,0,0
"Dave T",5,0,6
"A_TA_Commenter",106,62,49
"Henningsan",34,23,8
"Bart P",19,0,8
"helenTadcaster",33,18,13
"MayaGermany2013",17,11,10
"the_curious_one",13,8,24
"accidental_explorer",5,3,7
"Chiromanzi",13,8,14
"Adam W",1,0,4
"macieii",60,24,68
"Obrfso",7,7,6
"Peripateticmensch",147,65,68
"Christer...",2,0,3
"torfug",3,0,3
"Ronnie K",11,7,1
"figgeVell...",74,34,20
"asmund201...",4,0,2
"Monika K",2,0,1
"Lukasz K",2,0,2
"Anders B",2,0,1
"Kinga B",1,0,1
"Jakub B",1,0,1
"Adam L",4,4,3
"Leon M",3,0,1
"Uwe R",2,0,1
"anna_igna...",2,0,11
"Ewelina P",2,0,1
"Mateusz M",3,3,2
"Marcin T",1,0,1
"Pekka P",7,0,0
"Amanda N",1,0,1
"Anna S",2,0,3
"Katka_SK",1,0,1
"Iwona  Z",1,0,2
"Patrycja...",2,0,1
"4stronysm...",5,5,3
"magszne",1,0,2
"Kerstin S",2,0,1
"Cami P",69,40,23
"Pawe O",2,0,1
"Alessandr...",12,12,3
"Lexey E",11,4,2
"sotka443",1,0,0
"Derivo1",6,5,0
"Kawloch",2,0,3
"Danuta G",5,4,0
"Hugo_Nina",435,121,104
"mipajak",7,4,4
"evehaugs",40,32,7
"jssia",36,24,13
"Izabela G",2,0,1
"Linda1_Ch...",85,41,29
"pallvice",3,0,1
"Lenkaa88",2,0,0
"Jagoda J",20,14,9
"Fina S",6,0,0
"audiosluc...",35,10,10
"Mariusz W",19,8,49
"Macky_Maj...",1,0,1
"Kal2304",6,6,0
"Remigiusz...",4,3,0
"Bella P",4,0,2
"Sabina N",13,5,17
"Katarzyna...",13,12,6
"PtasiekCa...",24,13,9
"Mjesus79",24,13,18
"Magdalena...",1,0,0
"Pabli975",37,8,16
"Alessio G",7,4,0
"Festu",49,25,39
"annelise5...",38,16,7
"Husell",29,17,8
"arkkoo",29,16,16
"Schabe",6,4,2
"Lukaz K",99,63,11
"Jenni_F_H...",1,0,0
"Anders K",1,0,0
"Zibio2",1,0,0
"Paulina O",30,13,24
"Renata R",2,0,0
"Ingerbh",5,5,3
"sandyhors...",1,0,0
"Anne Sofi...",1,0,1
"Irene D",3,0,0
"DerpityDe...",3,0,0
"Anna C",1,0,0
"Alboronia",38,34,11
"Thax2014",155,75,12
"lukaszk93...",2,0,2
"Ewa Piotr...",1,0,0
"Marian L",1,0,1
"RadekK198...",4,3,5
"Kathrin S",1,0,0
"syrekgim2",1,0,1
"Alexander...",162,47,124
"Stanisaw...",1,0,0
"Paolo M",1,0,0
"Micha B",6,5,1
"Rob_UK569...",1,0,0
"President...",177,137,155
"edy-ta S",22,7,8
"KarinaNon...",6,0,6
"Endre S",4,3,1
"Lenka545",31,12,5
"Ksenia I",7,0,6
"sveta_sol...",23,21,17
"Andrzej B",13,7,13
"Elena0214",18,15,11
"Giadaviag...",43,13,9
"",37,17,12
"Dag D",12,6,2
"Marina C",18,10,7
"Bent R",1,0,1
"808NilsO",5,3,2
"Iwona W",1,0,1
"ALPALP",5,4,1
"S-gronvol...",6,4,2
"Anneli J",3,0,1
"Gunnar P",4,0,3
"Elisabeth...",20,11,4
"tokue0427",1,0,0
"hmpaur@gm...",5,3,3
"Sonte1984",1,0,1
"simoesse",1,0,0
"JurgenD D",16,16,5
"szub",4,0,2
"Harald O",11,0,5
"Rune K",22,5,14
"Andreadot",25,16,13
"Gnomis",87,50,43
"Stefano P",84,68,46
"Dariusz M",15,10,7
"Didierdug...",60,37,32
"Bugstein",3,0,5
"Oleg M",20,14,9
"Wega1977",6,4,2
"prokite24",3,3,7
"wosiegl",8,7,1
"Joseluis0...",130,68,62
"Dorota D",5,5,2
"AndersZor...",99,68,18
"Emilia U",6,6,6
"Petter201...",7,3,2
"larswegen...",1,0,0
"Tobias_L7...",42,19,20
"Maja W",12,7,8
"poseidon1...",109,66,47
"Mariusz L",1,0,2
"Heiko1969",29,18,7
"Arild_Dra...",5,3,3
"KJens1",53,5,15
"Jensravna...",21,14,9
"Johann-Jo...",55,20,18
"Giuliano4...",236,140,109
"Roman C",119,19,51
"TomGunnar",20,9,7
"Piotr K",16,11,9
"Tordis201...",15,7,6
"Siegfried...",51,33,37
"MariogRun...",3,0,1
"Anna G",32,15,11
"Tomasz B",37,23,21
"Burza1",35,19,14
"Ewelina20...",2,0,5
"Tatiana P",57,37,29
"Nibor U",27,23,64
"yolosdi",17,3,10
"matt0064",8,7,1
"Barbara C",3,3,3
"Sanna B",5,0,0
"Ania W",1,0,0
"BartDev",5,5,1
"DHook",260,84,87
"Valeriia G",17,7,10
"Mikalerim",1,0,0
"Lars-Erik B",1,0,0
"MarchessadePolo",34,9,9
"70Heikki",1,0,0
"SEBASTIAN Z",5,0,0
"Fisheagle2513",135,71,60
"Luk Y",1,0,4
"Paul C",6,4,4
"Commonz8",3,3,3
"abbafan",101,40,80
"larchien",18,6,17
"EWAB731",17,17,7
"keb88",1,0,1
"julie60",173,94,86
"Ana Cristina P",21,11,25
"swanseajack1",9,4,8
"Sylwia J",14,3,18
"Sarah W",31,15,23
"CatCon23",11,4,6
"szymsien",32,24,10
"kmpr2",7,6,0
"MayloHarding",17,11,27
"malexandr...",3,3,0
"Je R",2,0,0
"Maria L",5,5,1
"monikapp1...",3,0,2
"Fliegfrea...",18,3,19
"Kacper K",1,0,0
"Emilia S",7,7,3
"heand",12,7,2
"Bent Eiri...",8,5,0
"Mateusz D",2,0,0
"Marcin B",7,6,0
"Kfoczus",42,27,25
"Rafal B",1,0,0
"Mamcia",12,9,3
"axelin",80,20,74
"bartosz j",7,7,1
"pawelacb",6,4,4
"Micha K",4,3,1
"lokipocki",9,5,2
"imimap .",6,6,5
"Agata K",3,3,0
"Thomas L",31,23,8
"Monika S",1,0,2
"Kasia K",11,7,0
"Joanna P",6,4,3
"malgoblaz...",13,4,16
"NKEwa",9,6,3
"Ziuteczka...",13,9,4
"Liliya778...",10,0,9
"lapakarta",14,13,3
"Tiina H",3,3,3
"jean_lico...",25,15,7
"Karolina...",2,0,2
"EwaN83",2,0,9
"75skala",99,56,22
"Gizia M",1,0,1
"alfcat",236,61,87
"tornado9",479,136,109
"Seal782",51,17,56
"krisarat8...",258,123,66
"Maciej_Po...",3,0,3
"ostrovska...",4,3,6
"Julien G",18,16,11
"Marcin L",1,0,0
"Piotr P",7,0,3
"Ania15Ani...",8,7,2
"Jose Luis...",283,108,84
"reviri",27,23,3
"Marcin",4,3,2
"Matthias...",15,12,12
"slavmel",3,0,3
"daniel k",34,9,10
"Frostie_T...",11,9,4
"Marcello...",464,203,136
"adi g",20,20,14
"Anna3276",84,24,54
"Miriam G",3,0,0
"Pas5501",29,28,18
"Ullrich0815",82,21,36
"beermaniac",2,0,2
"Gaile_1959",33,4,12
"Christine B",1,0,0
"Peter B",3,3,1
"THREOslo",135,72,82
"misssjetsetter28",32,18,19
"Alicja B",3,0,2
"Jilles36",17,5,18
"Hagburt",1,0,0
"Freddy484",15,4,15
"PikkuLille",4,0,4
"V_Viktorija",40,20,26
"sueborwicknicol",50,26,37
"Mona L",5,4,5
"SNH231",1,0,0
"Kirasofia",111,103,88
"yoplait8",6,4,2
"Mario C",16,6,5
"Frank W",12,11,1
"AurelieAM...",39,19,11
"Agnes600",4,3,6
"Annie R",20,17,2
"Italiarei...",11,5,1
"Ashild T",3,0,0
"720marief",10,7,4
"Kjetil I",1,0,0
"ahnely",15,4,4
"maurizio...",2,0,0
"Jakol1805",5,3,0
"Mike E",4,4,1
"Fabrice G",1,0,0
"isabelle...",63,9,30
"Karolina...",19,12,4
"ki_teo",16,5,10
"maciej_al...",12,8,2
"Braunberg...",14,7,12
"Knut T",2,0,1
"almqanni",7,5,0
"Martin Z",1,0,0
"joker 9",3,0,0
"oLek- s",2,0,0
"Konrad S",7,7,2
"Ewa Jurek...",2,0,1
"MicZie",9,7,1
"bujdanare...",24,23,4
"Ilona R",1,0,0
"Marlena J",2,0,0
"Wodzimie...",2,0,0
"Patryk_Pa...",1,0,3
"Jacek G",4,4,1
"Dariusz D",18,8,3
"harmaantu...",358,222,83
"Oliver S",11,6,2
"drjekylls...",11,10,2
"sizi2015",1,0,2
"Solrun T",1,0,0
"JacobB4",1,0,1
"carla v",4,3,0
"Julia H",1,0,0
"Fiskaaen",9,4,0
"radar20152015",9,9,3
"laxgirl1",8,5,10
"Anssi K",5,0,4
"Heiko A",126,32,58
"dialqueen",68,19,26
"Emigranten",12,5,4
"monm03",1,0,0
"sachahennekeij",10,7,5
"Rob S",10,6,9
"James R",2,0,0
"ShukLondon",30,15,19
"Sheyeen L",6,4,3
"Horhe64",41,12,9
"Judy F",129,54,102
"Grete H",2,0,2
"Per E",2,0,3
"AniaMrovka",14,9,11
"iinak2015",6,5,1
"FrauLottenstein",6,3,1
"Jussi P",4,4,0
"sibylla s",5,0,4
"Gothenburgers",149,72,26
"Roy Willy M",1,0,0
"trvlnsandy",52,18,27
"Andres_and_Angela",105,65,43
"KayP28",21,16,9
"Ewa P",6,3,4
"mw238",135,63,98
"Christopher2011_11",49,24,40
"silwill",2,0,1
"Durris681",225,126,137
"Mark H",3,0,3
"elle421",6,4,5
"Alberto_Bongo",9,9,0
"SimplyJim",2,0,2
"chairmanbernie",54,22,33
"Kenneth O",1,0,1
"Marcel W",133,27,84
"slpasay",37,16,17
"Jimbo16",32,10,54
"Flemmono",8,4,4
"Tracey P",14,6,8
"DannyInNewYork",2,0,2
"Ann M",1,0,1
"Martyna S",5,0,4
"turistkjell",53,22,69
"Agnes M",1,0,2
"Rene N",1,0,5
"Mac F",2,0,5
"Mark M",1,0,2
"FinlandTimo",163,131,77
"RollingHedgehog",24,8,10
"PetraKon",6,5,0
"Hege D",3,3,0
"Lina F",9,6,0
"Ingermere...",5,5,0
"DimitroNa...",11,10,2
"41odensea...",1,0,1
"nataliak9...",2,0,0
"luis_cmps",3,3,4
"FREDDY F",35,21,10
"Anna B",1,0,0
"Market69",25,22,10
"kimmomatk...",5,3,1
"Cornelia...",11,7,7
"Micha C",31,3,10
"Koen M",10,3,6
"Wojciech...",19,9,20
"Just J",1,0,0
"Ulf D",6,5,1
"Alessia Z",7,5,0
"Ttweet",185,93,72
"doocia",6,6,1
"Alexander...",139,53,63
"Thomas P",9,8,0
"",19,8,11
"PamellaGM",73,11,12
"Shamek W",3,0,0
"Milco_Sch...",1,0,0
"Monika R",2,0,0
"Renejson",1,0,2
"SylwiaPaz...",1,0,0
"Janne Igg...",3,0,0
"D_Elena20...",33,9,10
"Joanna S",12,6,3
"Angelica...",4,0,0
"AnnMaj",1,0,1
"dziekanow...",1,0,0
"HildeHerm...",1,0,1
"Kristian...",2,0,4
"Bozena B",1,0,0
"Mtoczek54",1,0,1
"jones4711",1,0,1
"bartoszsm...",1,0,0
"Marek G",1,0,1
"tomasz o",1,0,3
"Halina D",1,0,1
"Lso-dk",3,0,2
"carafe p",94,85,57
"M19740102",2,0,2
"Iwona D",1,0,3
"Moscow197...",4,3,3
"",8,8,6
"Paulina F",2,0,6
"PawelGrab...",1,0,2
"erlug",31,15,2
"Petros81",1,0,0
"Liv K",1,0,1
"Marta S",2,0,2
"ZOMES111",4,4,4
"Pierre P",1,0,0
"Gustawa M",2,0,3
"",18,7,14
"Vera S",2,0,0
"Isabel A",2,0,0
"Monika Q",3,3,2
"Regina N",2,0,5
"GiuliaMB",60,44,24
"Izabela S",1,0,2
"emma t",4,3,0
"dermitohn...",42,7,36
"Stas T",1,0,0
"fzamponi",24,16,7
"Dron22",20,5,14
"Lupav73",66,38,27
"ARSweden",44,20,19
"Nuta23",36,19,9
"Tomasz B",2,0,3
"MS_from_L...",21,10,17
"Ula N",1,0,3
"stromer14",3,0,0
"Leif-Sver...",3,0,1
"Ruthmuc78",3,3,3
"Tobey82",3,3,0
"Marzec201...",1,0,0
"Rebeccaaa...",12,7,2
"mrbonsoir",16,6,6
"Bogdan Z",1,0,2
"tob68",23,18,6
"Gosia21",2,0,3
"ecosilenc...",1,0,2
"ZaragozaM...",132,48,78
"WojtekB96...",1,0,3
"pavlov_81...",280,154,224
"Guga83",171,132,142
"Giulio L",2,0,1
"Peter Z",6,4,7
"Federico...",1,0,2
"SzyszynkaInternation",29,27,3
"Julian W",3,0,1
"Tomek S",2,0,0
"ewelina R",13,6,4
"Megazord",49,34,19
"Edward R",4,3,1
"Mateusz D",5,3,2
"Wojciech...",1,0,1
"Karol_Zw",2,0,1
"Arti Z",1,0,1
"Jakub K",1,0,0
"MCfromEdin",59,43,31
"marcin g",7,7,0
"Gmia",2,0,1
"mgv4",15,0,8
"Karolina...",6,4,0
"Joasia G",1,0,2
"Dorota G",1,0,0
"klaudiaal",1,0,0
"idl2015",6,6,0
"Alexandra1410",14,14,8
"39marita79",1,0,0
"Norskjente71",34,13,9
"CuzSlowpoke",8,4,3
"Jan V",2,0,0
"AUSLion",150,88,71
"JMorris99577",5,4,1
"kjaterina",2,0,1
"Dominika...",34,28,5
"Monika N",1,0,0
"dealer8",16,15,2
"Kasia K",12,5,2
"Patryk O",40,23,22
"Jagoda K",14,7,3
"Anna N",5,4,9
"Mateusz B",5,4,5
"Dietmar P",2,0,0
"Alicja_dp...",11,9,9
"Jamie G",12,11,14
"Henrik E",2,0,0
"AndrewAndCeri",38,18,20
"Lynne C",7,5,3
"peediewife",166,81,84
"Aneta F",31,11,11
"1981AMD",54,35,23
"ID576207",69,40,46
"Kallander",103,55,95
"Tero S",3,0,1
"515belka7",4,0,0
"Frank T",15,0,10
"_eNWu",10,4,8
"justynaLC",4,3,2
"CenereGri...",35,26,15
"Frida P",1,0,0
"jneagle",2,0,0
"Daniel W",3,0,0
"mark7557",60,39,67
"Albia-Newton",651,193,367
"Geir P",13,6,7
"Emmet W",5,0,0
"Maciej B",1,0,0
"confident...",86,39,54
"rafeta54",4,0,0
"Jurgen T",1,0,0
"Danuta M",4,4,0
"Ciolcik",7,7,2
"Merja K",38,15,1
"justanick...",1,0,1
"Peter S",61,49,4
"Oleksii T",1,0,0
"Rune H",83,25,42
"Paivi2012",4,0,1
"Mette B",35,15,9
"MarkLomma",7,7,3
"Tiia R",3,3,1
"Roman V",3,3,2
"normanjones",50,26,35
"ntothea",11,8,1
"Emilie M",23,12,12
"Christian E",4,4,5
"Gudrun M",9,6,3
"irumley",53,23,20
"Prehab26",12,9,17
"Tuukka M",6,3,1
"Mex31",27,21,26
"Charlie H",2,0,1
"Riitta M",4,3,2
"MatsRabe",90,49,16
"Kimmen1",210,96,126
"BasiaStr",12,5,11
"jem57",26,16,16
"Deborah_Martin2013",23,3,9
"RhianJay",26,18,40
"Thorbjorn66",1,0,0
"karinae1",15,5,7
"Vidar J",15,12,2
"Hesam A",35,24,6
"Timo A",5,3,1
"Esther F",2,0,1
"Gabbipower",7,3,2
"mariaa1972",55,45,44
"Sasanf",177,50,126
"KorsGeorge",39,21,67
"reisemye",30,17,25
"LiverpoolBloggy",34,8,13
"Katrine68",9,5,2
"Besart R",10,8,7
"Anthony S",4,0,4
"David C",77,24,38
"Randi L",17,6,2
"helsle",25,22,2
"Heta77",15,10,8
"Daria k",24,12,7
"Natalie S",1,0,0
"Dilan T",5,5,0
"tetera",8,3,5
"Terje1",119,43,19
"stomper71",2,0,0
"Kristin B",1,0,0
"martinegs",4,3,0
"Mauro I",11,8,2
"Nils H",6,4,1
"Mariusz M",66,43,31
"Merete P",12,8,0
"Zaxaar",20,10,5
"Maciej B",61,39,8
"Anna H",1,0,0
"Renate D",3,0,0
"Paclafe",136,54,95
"Marceli M",2,0,0
"andalucia...",15,5,7
"Carina N",1,0,0
"Margareth...",1,0,1
"Edyta x",2,0,0
"Geirmund...",3,0,0
"Hege2",2,0,0
"mn_makaro...",146,139,27
"Espen H",4,0,1
"Janus A",46,24,4
"Annekatt",9,6,2
"Marcos M",2,0,0
"Krystian...",47,22,12
"Marek L",1,0,0
"Gian D",43,41,24
"Lars L",1,0,0
"Tormod M",2,0,1
"GabrysiaN...",1,0,1
"RoelFen",2,0,1
"Monica H",1,0,0
"Elin P",3,0,0
"dita06",2,0,1
"apax",153,142,113
"Christian...",3,3,1
"Christer...",5,0,0
"Kristin E",1,0,0
"Anna Z",21,3,30
"Morten T",3,0,2
"RexRodney",29,20,7
"Bjornpaal",1,0,0
"Liv N",3,0,2
"MagdaMare...",10,6,50
"Lisbeth W",6,0,3
"haraldno",1,0,0
"adam19630...",44,21,29
"macdean69",26,17,14
"Teddie H",9,5,0
"Chriso-No...",8,6,1
"D K",35,14,6
"Kari Anne...",1,0,1
"Ann O",3,0,1
"HeidiKatr...",6,6,2
"Elin A",6,4,2
"Szymon S",4,0,1
"NinaPiace...",44,16,25
"USajewicz...",23,15,20
"PaolaGian...",93,74,60
"Gry-Wench...",43,29,12
"Krisvenas",3,3,4
"Kai B",1,0,0
"Hakon A",1,0,0
"DarkMike7...",27,10,7
"Totraveli...",6,0,1
"stevenbaz1968",1,0,0
"Mirela M. M",1,0,0
"Norwegianlight72",4,3,1
"Tubooh",12,3,9
"Minna T",7,4,4
"tombat",34,12,20
"thomasvaer",25,19,4
"banjokatt",16,3,11
"Frode B",1,0,0
"Celine B",1,0,0
"Malin369",10,7,3
"sfcarl",29,14,10
"Hahhyn",2,0,0
"Debby S",3,0,1
"Wojtek M",5,0,4
"Warren H",21,8,15
"Robert K",16,4,11
"n_wiedenhof",202,96,97
"m_oto_res",20,17,5
"Stia1",2,0,1
"janeigi",18,13,17
"Marco H",254,179,146
"Ptctrvler",8,0,4
"MarkMonkey",22,5,6
"FinnFlying",79,45,56
"BulldogGdansk",81,34,26
"PedroJK",34,16,35
"beatawilkins",3,0,2
"GoonGloop",138,123,66
"Gresk",66,27,57
"JenniferManchester",26,11,13
"justys-a",1,0,0
"mariuszon",102,42,5
"Trude B",33,27,6
"Sol G",8,3,4
"joergense...",11,6,7
"Beata R",15,8,1
"Filmes",14,7,3
"Elena L",2,0,2
"Wrmbdmpfl",29,24,2
"Animatze",12,6,4
"giannigia...",10,5,3
"solveig25...",2,0,0
"Janemus",2,0,0
"Samson01...",108,55,70
"agusiaww0...",22,8,9
"Groenlie",8,6,0
"Ernst H",86,24,36
"Denergrei",31,24,7
"2014Eva",82,43,9
"Thorn H",11,5,3
"Julesbrod...",211,71,119
"Roy-Nord",14,6,5
"Sebastian...",22,8,16
"Rlhammar",44,23,12
"pietro r",652,242,223
"Yosef_Vis...",53,32,28
"David_P_S...",101,76,38
"Alyshaeh",5,3,8
"Kari-Brit...",2,0,1
"Gunvor_og...",4,3,3
"Joa77",8,6,4
"ChulaNoru...",15,7,5
"Benotto G",4,4,2
"simonebig...",46,38,25
"M0rganLil...",62,40,15
"cancerfis...",38,17,20
"B0d1113",7,6,8
"raf d",1,0,4
"Marcin P",3,0,2
"andreafer...",6,0,5
"gruszczyc...",7,3,6
"secondspa...",31,16,11
"Les C",2,0,0
"jorgen_lohndorf",4,3,1
"Paulina L",1,0,1
"Michalina...",17,13,2
"carlolaos...",1,0,0
"Beata N",1,0,1
"Sandra P",1,0,0
"Malwina_W...",1,0,0
"Tornado0963",189,91,76
"Franziska E",18,13,6
"Atle O",1,0,0
"sonuuuq",4,4,0
"Matt H",103,29,30
"Lukakonk",24,15,10
"Tonemer",1,0,0
"Pia S",1,0,0
"thorbarry .",5,4,3
"Patrick Q",1,0,0
"Daniel W",1,0,0
"Micha B",2,0,0
"Pakul79",3,0,0
"Wanda L",2,0,0
"Lovisa V",1,0,0
"Krystyna...",1,0,0
"Wladyslaw...",1,0,0
"TMONTANAS...",1,0,1
"Samuel P",27,8,5
"ElysaLove",52,14,11
"sirtomask...",1,0,1
"Karolina...",1,0,1
"Yanina N",1,0,0
"Pisec",2,0,0
"Peter_Palmquist",2,0,0
"mllefluoxetine",12,9,3
"BlackKyle",51,14,19
"Muslum K",3,0,0
"posejdon12345",105,14,54
"jd9UK",66,11,40
"Ewa X",18,15,14
"Jan P",3,0,2
"Karolina...",9,4,0
"paciuffo",41,19,9
"Aneta B",5,5,1
"unatania",96,60,18
"Szymon S",19,5,11
"...",33,30,15
"rafa_3236",47,29,15
"Ilasbel",9,7,1
"Patrycja...",26,20,26
"AMBERGALLERY",34,16,13
"David B",26,12,18
"Ania D",1,0,1
"travelbhatia",29,12,10
"BramborowyKnedlik",25,10,3
"Rory M",2,0,0
"StroMa_619",6,4,0
"Adina M",12,8,1
"Catherine F",12,4,9
"JusticiaInfinita",108,45,70
"Yuliya F",14,5,2
"ElisaPM",15,11,10
"Frank M",98,67,48
"Cookiesmith56",102,41,47
"Theresa R",2,0,6
"buddy87",24,10,3
"carpip186346",30,21,16
"Jacek T",12,10,4
"Maarit S",20,17,4
"nisbet45",14,8,17
"kippen2",18,5,9
"Asgeir A",7,5,1
"Kushnarova",52,24,39
"Mandy N",23,13,18
"Paul T",2,0,0
"Clairemorris",33,19,10
"quickstep09",27,3,22
"Meet-the-Furkids",57,14,68
"Shosanna",2,0,1
"Piercl",27,10,14
"Trondoc",221,72,75
"oollusia",13,6,8
"Razokadam",35,13,19
"Wallis145",23,10,9
"ModeCoral",39,31,14
"NYC1010",9,7,1
"bougainville30a",97,17,79
"Mina P",231,36,159
"tgseaver",2,0,0
"StianD85",27,11,7
"zeyok",1,0,1
"gabbyb_11",11,7,5
"meacey",80,53,47
"Ato-81",100,63,77
"Baiba V",1,0,0
"agacioreq",1,0,1
"Control P...",1,0,0
"Mornajenz",17,4,3
"Rafa M",1,0,0
"Ewelina K",1,0,0
"Livval",1,0,0
"Giovanni...",241,215,96
"Marko V",10,8,0
"HGM006",175,24,112
"692015",1,0,0
"Enzo Z",173,117,53
"Huong N",1,0,0
"Dorianaga",5,5,0
"Nancy A",2,0,0
"Wenche M",2,0,0
"Emtis",53,35,12
"eivind243",2,0,1
"Krzysztof...",6,6,4
"Andrzej O",10,0,2
"EDYTA123",45,13,84
"Corinne J",18,11,2
"Kristina...",41,28,5
"Catta50",10,0,10
"Marcel I",187,84,60
"rheinmose...",32,18,31
"Nemezis66",83,30,19
"st_zalesn...",6,4,2
"Ted275",3,0,1
"reisegale...",4,3,1
"Niclas O",4,4,0
"Ana M",73,8,15
"Bally12",44,9,26
"Lisa F",7,3,3
"Sigmund M",10,4,4
"Eirik T",53,21,14
"Piotr_M_W",14,8,0
"Kari-Mett...",22,10,3
"vsk24",107,27,37
"Joel D",16,15,3
"flyaquila",140,99,92
"Elzbieta...",16,8,3
"Jean1ne",26,20,6
"Reiseglad...",3,0,2
"Sandra S",3,0,0
"Giulia F",22,9,13
"anja_schn",21,12,4
"ElTataVia...",107,24,31
"Emilia06",28,7,15
"gattoinvi...",13,9,9
"Izabela C",2,0,0
"stokdal5",10,6,3
"Kasia Z",6,6,1
"Henning S",3,0,3
"Mieke-v-D...",16,8,8
"natalia b",5,5,4
"Elena T",1,0,0
"smallwitc...",1,0,1
"Eddie_S57",119,63,56
"Natalia_0...",3,0,0
"jochen001",70,46,25
"Jakub D",6,5,13
"danielbje",4,3,8
"Gosia N",51,24,44
"Antonio B",15,11,6
"Elpajorro",21,10,8
"CarloJP",29,19,5
"pucelana8...",45,29,7
"Condivido",92,47,42
"fraMonza...",8,6,1
"Heidi E",3,3,2
"pikim t",157,88,129
"Andre1118",48,32,19
"look4me_p...",1,0,0
"Peritobor...",35,17,23
"Kristinar...",43,15,36
"bruno p",17,6,3
"Alberto_B...",9,9,0
"LordRicch...",44,39,21
"Arne S",4,0,0
"Hanslutz",76,53,53
"Antonio M",1,0,0
"Audun fla...",1,0,0
"LarsYvonn...",4,0,43
"AnnaL846",42,21,19
"Motorradf...",47,0,32
"specht4",6,0,5
"Ula_ru39",1,0,2
"red_brussels_sprout",48,16,32
"Rickfil",68,35,62
"Pirbrightgolfer",29,5,46
"martinipen",72,47,9
"Holiday_peopleDublin",9,3,8
"Bighe1977",28,25,7
"Malena_pl",47,21,28
"OlaPiwi",13,12,10
"Jacek P",206,43,110
"Jensine",29,4,37
"744elisab...",7,0,1
"acsvie",112,41,49
"Michael L",3,0,0
"Antonguid...",154,126,71
"stefano b",4,4,1
"perpunkdu",264,208,72
"kbsweden",2,0,0
"IPAAT",350,248,100
"Livio D",16,12,7
"lubaca57",97,48,10
"Massimo M",168,39,56
"Martu J",2,0,0
"Monica F",6,0,4
"Lech S",7,7,7
"greiwe",1,0,1
"Anna M",2,0,1
"rincewind...",1,0,0
"MariskaRi...",14,10,7
"Olosz",65,13,33
"Maela P",12,3,3
"alexethc",1,0,2
"knowthegoodstuff",122,53,83
"Philip G",1,0,0
"djcreeper",1,0,0
"riche1962",23,12,10
"daesquiv",239,99,91
"alidur",7,5,1
"Ray N",43,25,8
"grochowsk...",1,0,1
"Reiseglad...",9,5,1
"ColoLeoRi...",68,37,11
"Tomek K",19,8,15
"Caxarrita",17,7,0
"313monica",12,0,5
"LokoDavid",50,19,20
"dartnet",87,53,34
"Maciej W",19,9,7
"Aina L",1,0,0
"Joanna D",1,0,0
"jordanas2...",30,13,15
"LFKS",5,3,1
"Euler01",41,8,19
"beatrizzzza",6,0,2
"Stian E",1,0,0
"Mikolaj W",4,4,2
"Riikkulibeibsu",6,4,0
"Prc876",15,7,17
"Christiaan K",2,0,0
"Juzhou",1,0,0
"Arita M",5,0,0
"anja3456",1,0,0
"Tim O",161,78,69
"Parmoqueen12",30,22,14
"72taurus",5,3,4
"PML39",8,0,4
"glux007",1,0,0
"Marike R",33,19,10
"margaretka",1,0,0
"FromTurkuWithLove",57,57,11
"jasdomanska",9,5,1
"Linda M",71,9,34
"83L",11,6,4
"Reidar K",2,0,1
"tammitots",9,5,6
"Mari S",3,3,1
"Ian J",52,28,31
"9140",18,3,9
"Edward678",30,10,23
"CLG.2007",8,8,6
"Kathryn A",8,0,3
"Gerben D",3,3,2
"James F",78,56,48
"Trevor M",18,12,13
"James L",4,0,2
"Sjarleee",34,12,8
"Erik V",7,3,1
"Gabriel M",1,0,0
"Ibbur",65,12,39
"Huttiheita",56,23,29
"Kjell_MK",10,3,2
"Olav B",1,0,2
"Opes W",1,0,0
"sms125",11,0,2
"Sally-anne R",94,30,52
"Ulrika H",27,14,6
"pcalisto",17,9,18
"Crcb",373,182,153
"bps-uk",81,9,68
"Mualimanmatkaajat",26,5,19
"Rubski",4,0,3
"Eervi",19,10,2
"Jelena R",45,13,24
"douglasben",8,3,6
"Hirlsa H",229,95,71
"jwebond83",7,0,2
"Nick H",3,0,2
"Mmadalena79",64,54,27
"Norman M",30,20,15
"Ania M",11,5,3
"Jan-Andre...",5,3,0
"Cari561",16,11,7
"Agnieszka...",28,16,4
"Gaute G",8,5,0
"Dondimon7...",20,0,1
"Accuarius",54,11,18
"Vibeke O",1,0,0
"Sylwiasy",4,0,1
"CAE1972",11,4,5
"Aleksande...",2,0,2
"Theres B",9,0,1
"Marcin S",34,16,12
"Claes H",24,9,4
"llusium",15,14,3
"Andriy K",5,4,1
"Thomas T",6,3,1
"Izabela F",45,20,28
"Monika311...",8,0,0
"Helen A",1,0,0
"Jan Z",6,5,4
"Anneligh",1,0,0
"ajo a",21,8,2
"matbli",11,10,1
"Fernando...",103,46,21
"BeataKruz",12,5,3
"John-magn...",1,0,0
"d201511",4,3,0
"Rickard K",3,0,2
"Piolis",3,3,12
"tczigma1",7,5,1
"Ifonka I",2,0,0
"pizama_pr...",28,25,7
"Jessansve...",6,3,1
"Untiss",17,11,9
"Izabel K",31,8,10
"ChriRob",76,7,14
"Kryz N",4,3,0
"Viktory5",22,5,18
"jschneide",2,0,0
"Kiniuch",5,4,1
"roksi2008",8,5,2
"Andrzej K",11,9,3
"MelissaJa...",14,4,10
"Agata B",2,0,1
"Bazej J",2,0,1
"pandagiga...",12,3,2
"Kenan T",6,4,2
"Kari A",11,4,9
"Per J",1,0,1
"Pawel K",5,5,1
"Ada S",12,9,4
"Katarzyna...",2,0,0
"gizthewiz",8,0,1
"Agata173",1,0,0
"SusanneOc...",22,8,12
"marta z",2,0,2
"Amigoucie...",81,38,63
"Michael E",1,0,2
"loww",62,18,46
"Owe J",36,22,13
"Axe111",1,0,0
"Jimmyg_no",16,8,5
"Piotr G",1,0,0
"Anne Katr...",8,7,3
"HubertJ69",2,0,0
"Olga_Geor...",16,3,1
"bigbeee",105,29,123
"ziemowits679",124,11,2
"Doris K",5,4,4
"Katie P",12,9,3
"Pat_Gdy",1,0,6
"Krystoff D",1,0,7
"Arek_Pl",9,0,9
"Aniaggg",14,6,11
"anita-anna",65,18,59
"joylin",114,47,109
"swoop_eagle",5,4,3
"MikatheFinn",61,26,8
"MargaretZ32",2,0,7
"Harson s",1,0,7
"LilaOrteg...",85,71,30
"staciek_p...",10,4,0
"Andrzej P",14,7,3
"kolacja",1,0,3
"Alexander...",78,33,15
"Aleksandr...",10,3,6
"Annamaria...",9,0,6
"maya_hari",1,0,1
"KamiKElbl...",41,15,38
"patryk p",1,0,2
"asia",2,0,6
"arma L",50,32,14
"A A",19,5,19
"Maja S",1,0,7
"szefmacek",1,0,5
"Tomasz K",3,3,9
"AGZ136",1,0,7
"Grzegorz...",4,3,9
"MMariusz",10,6,6
"ewelka201...",1,0,5
"PiotrMD",14,10,11
"Arek R",8,4,10
"RIchal7",9,6,8
"Krzysztof...",7,0,21
"Kuba K",9,7,5
"301Barbar...",1,0,8
"Piotr W",8,4,10
"Katarzyna...",6,6,1
"Blacky_x",5,0,7
"Izabela N",110,61,48
"Magorzat...",1,0,8
"Magdalena K",3,0,1
"Aleksanderj703",26,10,7
"Ingerid W",2,0,1
"Miesny",8,5,6
"CiderBubble",33,19,13
"Michael_Wroclaw",11,4,13
"Bartlomie...",10,7,0
"szaszika0...",3,3,0
"Lopez2381",12,7,0
"Skiiper",10,3,0
"Onion1975",5,3,1
"Aleksandr...",14,7,0
"Piotr P",3,3,1
"289kaska",2,0,1
"Piotr K",5,5,2
"Basia B",37,22,27
"Marta P",6,5,0
"TatiKar",2,0,0
"marlena12...",3,3,0
"gdanszcza...",2,0,0
"ukasz S",6,6,2
"RobertNow...",7,5,4
"ana_g_ana",6,5,3
"TOnsan421",48,40,5
"Ikamo",50,15,37
"Aga Z",2,0,2
"Adam S",23,12,14
"Polinezyj...",61,24,8
"wolkenfon",10,6,8
"Mariola P",23,8,9
"Malgo L",18,5,16
"Wiktor S",1,0,0
"FridaPoul...",36,8,37
"luckie79",12,9,5
"Ryszard R",4,4,0
"Kelley C",5,4,1
"Jack P",3,3,0
"intrepid1406",150,97,125
"TomekBe",35,22,4
"lindawba68",46,15,51
"MyKadlubk...",38,21,10
"Kapelusik",1,0,1
"Francisze...",50,18,12
"Lisiecky",15,9,4
"Kat K",30,23,3
"Kuba S",2,0,0
"Bbeti",37,25,14
"Krzysztof...",5,5,1
"EDINSTVEN...",23,8,7
"eckiw",72,32,18
"CarloGenoa_Italy",85,52,105
"MoniaM25715",2,0,0
"TripMember042820151",180,84,73
"criski88",2,0,4
"Arne K",1,0,2
"BenteJoha...",1,0,0
"MarekTumi...",50,24,29
"Dusiowa",11,8,1
"Alexander...",55,38,24
"Smaug2023",2,0,0
"sasha817",60,12,35
"9krolikov",11,3,3
"dj4am",2,0,0
"Madge29",3,3,0
"Aleksandr...",6,5,0
"Alina B",1,0,0
"Justyna P",2,0,0
"Ewa S",7,5,3
"Oksana R",2,0,0
"Pol D",4,4,0
"",73,9,44
"Damrokaaa",1,0,1
"PieTu82",1,0,1
"CJTravelerTexas",937,620,1
"seaswallo...",195,122,1
